Batch,Condition shorthand,Plate type,Reagent source,Plate barcode,Hoechst concentration,ConA concentration,Syto14 concentration,WGA concentration,Phalloidin concentration,MitoTracker Red concentration,Other dyes - name and concentration,Other experimental tests,Stain and permeabilize at the same time?,Cell type,Plating density (if known),Imaging modality,Z planes acquired,Binning,Qualitative or Quantitative assessment,Treatments,Treatment timepoint,Qualitative conclusion drawn (if any),Profile folder on GH,Other notes
Stain1,Hoechst Series,CellCarrierUltra 384,Thermo Fisher,,"0.0686 µg/mL, 0.2058 µg/mL, 0.6173 µg/mL, 1.8519 µg/mL, 5.5556 µg/mL, 16.667 µg/mL, 50 µg/mL, 150 µg/mL",0,0,0,0,0,,,No,U2OS,,Widefield,1,1x1,Qualitative,None,N/A,0.6 and 1.85 µg/mL doses seem best; try 1µg/mL in Stain 2,n/a,
Stain1,DAPI Series,CellCarrierUltra 384,Thermo Fisher,,0,0,0,0,0,0,"DAPI - 0.0686 µM, 0.2058 µM, 0.6173 µM, 1.8519 µM, 5.5556 µM, 16.667 µM, 50 µM",,No,U2OS,,Widefield,1,1x1,Qualitative,None,N/A,0.6 and 1.85 µM doses seem best; try 1.5 µM in Stain 2,n/a,
Stain1,MitoTracker Red Series,CellCarrierUltra 384,Thermo Fisher,,0,0,0,0,0,"55 nM, 167 nM, 500 nM, 1500 nM",,Test addition of each dose both before and after fixation,No,U2OS,,Widefield,1,1x1,Qualitative,None,N/A,Mito staining does not look better when dye is applied after fixation; keep at current concentration (500nm),n/a,
Stain1,MitoTracker Orange Series,CellCarrierUltra 384,Thermo Fisher,,0,0,0,0,0,0,"Mito Tracker orange - 0.9 µM, 1.9 µM, 3.75 µM, 7.5 µM, 15 µM",Test addition of each dose both before and after fixation,No,U2OS,,Widefield,1,1x1,Qualitative,None,N/A,No staining at all when dye is applied after fixation; try 15µM at the same time as 500 nM MitoTracker Red in Stain2,n/a,
Stain1,WGA-350 Series,CellCarrierUltra 384,Thermo Fisher,,"0, 20 ng/mL",0,0,0,0,0,"DAPI - 0, 70 nM; WGA-350 1.9 µg/mL, 3.9 µg/mL, 7.8 µg/mL, 15.6 µg/mL, 31.25 µg/mL, 62.5 µg/mL, 125 µg/mL, 250 µg/mL, 500 µg/mL, 1000 µg/mL",,No,U2OS,,Widefield,1,1x1,Qualitative,None,N/A,"Especially at the higher concentrations, WGA-350 looks nice on its own (but needs much more than WGA-555 to look nice), but does not stand up well to even minor amounts of Hoexhst or DAPI in terms of ""allowing both signals to be nicely seen"". Not worth continuing in this context.",n/a,
Stain1,Wash Series,CellCarrierUltra 384,Thermo Fisher,,5 µg/mL,100 µg/mL,3 µM,1.5 µg/mL ,16.5 nM,500 nM,,"Test a) Mitotracker addition, fixation, wash, permeabilization, wash x 2, stain vs b) Mitotracker addition, wash, fixation, wash, permeabilization, wash x2, stain vs c) Mitotracker addition, fixation, wash x2, permeabilize and stain",Yes,U2OS,,Widefield,1,1x1,Qualitative,None,N/A,Co-permeabilization is faster and no qualitative signal loss; worth pursuing. Condition b (with one EXTRA wash condition) not seemingly helpful,n/a,
Stain2,Binned-BR00112197,CellCarrierUltra 384,Thermo Fisher,BR00112197,5 µg/mL,100 µg/mL,3 µM,1.5 µg/mL ,16.5 nM,500 nM,,,No,U2OS,2500,Widefield,1,2x2,Quantitative,JUMP-MOA,48,,https://github.com/jump-cellpainting/pilot-data-public/tree/main/profiles/2020_06_25_Stain2_Batch2_Binned,
Stain2,Repeat-BR00112197,CellCarrierUltra 384,Thermo Fisher,BR00112197,5 µg/mL,100 µg/mL,3 µM,1.5 µg/mL ,16.5 nM,500 nM,,,No,U2OS,2500,Widefield,1,1x1,Quantitative,JUMP-MOA,48,,https://github.com/jump-cellpainting/pilot-data-public/tree/main/profiles/2020_06_25_Stain2_Batch2_Repeat,
Stain2,Standard-BR00112197,CellCarrierUltra 384,Thermo Fisher,BR00112197,5 µg/mL,100 µg/mL,3 µM,1.5 µg/mL ,16.5 nM,500 nM,,,No,U2OS,2500,Widefield,1,1x1,Quantitative,JUMP-MOA,48,,https://github.com/jump-cellpainting/pilot-data-public/tree/main/profiles/2020_06_25_Stain2_Batch2_Standard,
Stain2,Standard-BR00112198,CellCarrierUltra 384,Thermo Fisher,BR00112198,5 µg/mL,100 µg/mL,3 µM,1.5 µg/mL ,16.5 nM,500 nM,,,No,U2OS,2500,Widefield,1,1x1,Quantitative,JUMP-MOA,48,,https://github.com/jump-cellpainting/pilot-data-public/tree/main/profiles/2020_06_25_Stain2_Batch2_Standard,
Stain2,Multiplane-BR00112199,CellCarrierUltra 384,Thermo Fisher,BR00112199,5 µg/mL,100 µg/mL,3 µM,1.5 µg/mL ,16.5 nM,500 nM,,,No,U2OS,2500,Widefield,3,1x1,Quantitative,JUMP-MOA,48,,https://github.com/jump-cellpainting/pilot-data-public/tree/main/profiles/2020_06_25_Stain2_Batch2_Multiplane,
Stain2,Confocal-BR00112200,CellCarrierUltra 384,Thermo Fisher,BR00112200,5 µg/mL,100 µg/mL,3 µM,1.5 µg/mL ,16.5 nM,500 nM,,,No,U2OS,2500,Confocal,1,1x1,Quantitative,JUMP-MOA,48,,https://github.com/jump-cellpainting/pilot-data-public/tree/main/profiles/2020_06_25_Stain2_Batch2_Confocal,
Stain2,Standard-BR00112201,CellCarrierUltra 384,Thermo Fisher,BR00112201,,100 µg/mL,3 µM,1.5 µg/mL ,16.5 nM,500 nM,1.5µM DAPI,,No,U2OS,2500,Widefield,1,1x1,Quantitative,JUMP-MOA,48,,https://github.com/jump-cellpainting/pilot-data-public/tree/main/profiles/2020_06_25_Stain2_Batch2_Standard,
Stain2,Standard-BR00112202,CellCarrierUltra 384,Thermo Fisher,BR00112202,1 µg/mL,100 µg/mL,3 µM,1.5 µg/mL ,16.5 nM,500 nM,,,No,U2OS,2500,Widefield,1,1x1,Quantitative,JUMP-MOA,48,,https://github.com/jump-cellpainting/pilot-data-public/tree/main/profiles/2020_06_25_Stain2_Batch2_Standard,
Stain2,MitoCompare-BR00112203,CellCarrierUltra 384,Thermo Fisher,BR00112203,5 µg/mL,,,,,500 nM,15µM MitoTrackerOrange,,No,U2OS,2500,Widefield,1,1x1,Quantitative,JUMP-MOA,48,,https://github.com/jump-cellpainting/pilot-data-public/tree/main/profiles/2020_06_25_Stain2_Batch2_MitoCompare,
Stain2,Standard-BR00112204,CellCarrierUltra 384,Thermo Fisher,BR00112204,5 µg/mL,100 µg/mL,3 µM,1.5 µg/mL ,16.5 nM,1.5 µM,,,No,U2OS,2500,Widefield,1,1x1,Quantitative,JUMP-MOA,48,,https://github.com/jump-cellpainting/pilot-data-public/tree/main/profiles/2020_06_25_Stain2_Batch2_Standard,
Stain2,Redone-BR00113818,CellCarrierUltra 384,Thermo Fisher,BR00113818,5 µg/mL,100 µg/mL,3 µM,1.5 µg/mL ,16.5 nM,500 nM,,,No,U2OS,2500,Widefield,1,1x1,Quantitative,JUMP-MOA,48,,https://github.com/jump-cellpainting/pilot-data-public/tree/main/profiles/2020_06_25_Stain2_Batch2_Redone,
Stain2,Redone-BR00113819,CellCarrierUltra 384,Thermo Fisher,BR00113819,5 µg/mL,100 µg/mL,3 µM,1.5 µg/mL ,16.5 nM,500 nM,,,Yes,U2OS,1250,Widefield,1,1x1,Quantitative,JUMP-MOA,48,,https://github.com/jump-cellpainting/pilot-data-public/tree/main/profiles/2020_06_25_Stain2_Batch2_Redone,
Stain2,Redone-BR00113820,CellCarrierUltra 384,Thermo Fisher,BR00113820,5 µg/mL,100 µg/mL,3 µM,1.5 µg/mL ,16.5 nM,500 nM,,,Yes,U2OS,1250,Widefield,1,1x1,Quantitative,JUMP-MOA,48,,https://github.com/jump-cellpainting/pilot-data-public/tree/main/profiles/2020_06_25_Stain2_Batch2_Redone,
Stain2,Redone-BR00113821,CellCarrierUltra 384,Thermo Fisher,BR00113821,5 µg/mL,100 µg/mL,3 µM,1.5 µg/mL ,16.5 nM,500 nM,,,No,U2OS,2500,Widefield,1,1x1,Quantitative,JUMP-MOA,48,,https://github.com/jump-cellpainting/pilot-data-public/tree/main/profiles/2020_06_25_Stain2_Batch2_Redone,
Stain3,HighExp-BR00115125,CellCarrierUltra 384,Thermo Fisher,BR00115125,1 µg/mL,5 µg/mL,3 µM,1.5 µg/mL ,16.5 nM,500 nM,,Higher exposure,Yes,U2OS,2000,Widefield,1,2x2,Quantitative,JUMP-MOA,48,,https://github.com/jump-cellpainting/pilot-data-public/tree/main/profiles/2020_08_11_Stain3_HighExp,
Stain3,Standard-BR00115125,CellCarrierUltra 384,Thermo Fisher,BR00115125,1 µg/mL,5 µg/mL,3 µM,1.5 µg/mL ,16.5 nM,500 nM,,,Yes,U2OS,2000,Widefield,1,2x2,Quantitative,JUMP-MOA,48,,https://github.com/jump-cellpainting/pilot-data-public/tree/main/profiles/2020_08_11_Stain3_Standard,
Stain3,HighExp-BR00115126,CellCarrierUltra 384,Thermo Fisher,BR00115126,1 µg/mL,10 µg/mL,3 µM,1.5 µg/mL ,16.5 nM,500 nM,,Higher exposure,Yes,U2OS,2000,Widefield,1,2x2,Quantitative,JUMP-MOA,48,,https://github.com/jump-cellpainting/pilot-data-public/tree/main/profiles/2020_08_11_Stain3_HighExp,
Stain3,Standard-BR00115126,CellCarrierUltra 384,Thermo Fisher,BR00115126,1 µg/mL,10 µg/mL,3 µM,1.5 µg/mL ,16.5 nM,500 nM,,,Yes,U2OS,2000,Widefield,1,2x2,Quantitative,JUMP-MOA,48,,https://github.com/jump-cellpainting/pilot-data-public/tree/main/profiles/2020_08_11_Stain3_Standard,
Stain3,Standard-BR00115127,CellCarrierUltra 384,Thermo Fisher,BR00115127,1 µg/mL,25 µg/mL,3 µM,1.5 µg/mL ,16.5 nM,500 nM,,,Yes,U2OS,2000,Widefield,1,2x2,Quantitative,JUMP-MOA,48,,https://github.com/jump-cellpainting/pilot-data-public/tree/main/profiles/2020_08_11_Stain3_Standard,
Stain3,HighExp-BR00115128,CellCarrierUltra 384,Thermo Fisher,BR00115128,1 µg/mL,100 µg/mL,3 µM,.375 µg/mL ,4.125 nM,500 nM,,Higher exposure,Yes,U2OS,2000,Widefield,1,2x2,Quantitative,JUMP-MOA,48,,https://github.com/jump-cellpainting/pilot-data-public/tree/main/profiles/2020_08_11_Stain3_HighExp,
Stain3,Standard-BR00115128,CellCarrierUltra 384,Thermo Fisher,BR00115128,1 µg/mL,100 µg/mL,3 µM,.375 µg/mL ,4.125 nM,500 nM,,,Yes,U2OS,2000,Widefield,1,2x2,Quantitative,JUMP-MOA,48,,https://github.com/jump-cellpainting/pilot-data-public/tree/main/profiles/2020_08_11_Stain3_Standard,
Stain3,Standard-BR00115129,CellCarrierUltra 384,Thermo Fisher,BR00115129,1 µg/mL,50 µg/mL,3 µM,1.5 µg/mL ,16.5 nM,500 nM,,,Yes,U2OS,2000,Widefield,1,2x2,Quantitative,JUMP-MOA,48,,https://github.com/jump-cellpainting/pilot-data-public/tree/main/profiles/2020_08_11_Stain3_Standard,
Stain3,Standard-BR00115130,CellCarrierUltra 384,Thermo Fisher,BR00115130,1 µg/mL,100 µg/mL,3 µM,0.75 µg/mL ,8.25 nM,500 nM,,,Yes,U2OS,2000,Widefield,1,2x2,Quantitative,JUMP-MOA,48,,https://github.com/jump-cellpainting/pilot-data-public/tree/main/profiles/2020_08_11_Stain3_Standard,
Stain3,Standard-BR00115131,CellCarrierUltra 384,Thermo Fisher,BR00115131,1 µg/mL,100 µg/mL,3 µM,1.5 µg/mL ,8.25 nM,500 nM,,,Yes,U2OS,2000,Widefield,1,2x2,Quantitative,JUMP-MOA,48,,https://github.com/jump-cellpainting/pilot-data-public/tree/main/profiles/2020_08_11_Stain3_Standard,
Stain3,HighExp-BR00115132,CellCarrierUltra 384,Thermo Fisher,BR00115132,0.25 µg/mL,25 µg/mL,0.75 µM,.375 µg/mL ,4.125 nM,125 nM,,Higher exposure,Yes,U2OS,2000,Widefield,1,2x2,Quantitative,JUMP-MOA,48,,https://github.com/jump-cellpainting/pilot-data-public/tree/main/profiles/2020_08_11_Stain3_HighExp,
Stain3,Standard-BR00115132,CellCarrierUltra 384,Thermo Fisher,BR00115132,0.25 µg/mL,25 µg/mL,0.75 µM,.375 µg/mL ,4.125 nM,125 nM,,,Yes,U2OS,2000,Widefield,1,2x2,Quantitative,JUMP-MOA,48,,https://github.com/jump-cellpainting/pilot-data-public/tree/main/profiles/2020_08_11_Stain3_Standard,
Stain3,HighExp-BR00115133,CellCarrierUltra 384,Thermo Fisher,BR00115133,0.5 µg/mL,50 µg/mL,1.5 µM,0.75 µg/mL ,8.25 nM,250 nM,,Higher exposure,Yes,U2OS,2000,Widefield,1,2x2,Quantitative,JUMP-MOA,48,,https://github.com/jump-cellpainting/pilot-data-public/tree/main/profiles/2020_08_11_Stain3_HighExp,
Stain3,Standard-BR00115133,CellCarrierUltra 384,Thermo Fisher,BR00115133,0.5 µg/mL,50 µg/mL,1.5 µM,0.75 µg/mL ,8.25 nM,250 nM,,,Yes,U2OS,2000,Widefield,1,2x2,Quantitative,JUMP-MOA,48,,https://github.com/jump-cellpainting/pilot-data-public/tree/main/profiles/2020_08_11_Stain3_Standard,
Stain3,Bin1-BR00115134,CellCarrierUltra 384,Thermo Fisher,BR00115134,1 µg/mL,100 µg/mL,3 µM,1.5 µg/mL ,16.5 nM,500 nM,,,Yes,U2OS,2000,Widefield,1,1x1,Quantitative,JUMP-MOA,48,,https://github.com/jump-cellpainting/pilot-data-public/tree/main/profiles/2020_08_11_Stain3_Bin1,
Stain3,Multiplane-BR00115134,CellCarrierUltra 384,Thermo Fisher,BR00115134,1 µg/mL,100 µg/mL,3 µM,1.5 µg/mL ,16.5 nM,500 nM,,,Yes,U2OS,2000,Widefield,3,2x2,Quantitative,JUMP-MOA,48,,https://github.com/jump-cellpainting/pilot-data-public/tree/main/profiles/2020_08_11_Stain3_Multiplane,
Stain3,Standard-BR00115134,CellCarrierUltra 384,Thermo Fisher,BR00115134,1 µg/mL,100 µg/mL,3 µM,1.5 µg/mL ,16.5 nM,500 nM,,,Yes,U2OS,2000,Widefield,1,2x2,Quantitative,JUMP-MOA,48,,https://github.com/jump-cellpainting/pilot-data-public/tree/main/profiles/2020_08_11_Stain3_Standard,
Stain3-Yokogawa,Yokogawa-BR00115125,CellCarrierUltra 384,Thermo Fisher,BR00115125,1 µg/mL,5 µg/mL,3 µM,1.5 µg/mL ,16.5 nM,500 nM,,,Yes,U2OS,2000,Confocal,1,1x1,Quantitative,JUMP-MOA,48,,https://github.com/jump-cellpainting/pilot-data-public/tree/main/profiles/2020_08_11_Stain3_Yokogawa,
Stain3-Yokogawa,Yokogawa-BR00115126,CellCarrierUltra 384,Thermo Fisher,BR00115126,1 µg/mL,10 µg/mL,3 µM,1.5 µg/mL ,16.5 nM,500 nM,,,Yes,U2OS,2000,Confocal,1,1x1,Quantitative,JUMP-MOA,48,,https://github.com/jump-cellpainting/pilot-data-public/tree/main/profiles/2020_08_11_Stain3_Yokogawa,
Stain3-Yokogawa,Yokogawa-BR00115127,CellCarrierUltra 384,Thermo Fisher,BR00115127,1 µg/mL,25 µg/mL,3 µM,1.5 µg/mL ,16.5 nM,500 nM,,,Yes,U2OS,2000,Confocal,1,1x1,Quantitative,JUMP-MOA,48,,https://github.com/jump-cellpainting/pilot-data-public/tree/main/profiles/2020_08_11_Stain3_Yokogawa,
Stain3-Yokogawa,Yokogawa-BR00115128,CellCarrierUltra 384,Thermo Fisher,BR00115128,1 µg/mL,100 µg/mL,3 µM,.375 µg/mL ,4.125 nM,500 nM,,,Yes,U2OS,2000,Confocal,1,1x1,Quantitative,JUMP-MOA,48,,https://github.com/jump-cellpainting/pilot-data-public/tree/main/profiles/2020_08_11_Stain3_Yokogawa,
Stain3-Yokogawa,Yokogawa-BR00115129,CellCarrierUltra 384,Thermo Fisher,BR00115129,1 µg/mL,50 µg/mL,3 µM,1.5 µg/mL ,16.5 nM,500 nM,,,Yes,U2OS,2000,Confocal,1,1x1,Quantitative,JUMP-MOA,48,,https://github.com/jump-cellpainting/pilot-data-public/tree/main/profiles/2020_08_11_Stain3_Yokogawa,
Stain3-Yokogawa,Yokogawa-BR00115130,CellCarrierUltra 384,Thermo Fisher,BR00115130,1 µg/mL,100 µg/mL,3 µM,0.75 µg/mL ,8.25 nM,500 nM,,,Yes,U2OS,2000,Confocal,1,1x1,Quantitative,JUMP-MOA,48,,https://github.com/jump-cellpainting/pilot-data-public/tree/main/profiles/2020_08_11_Stain3_Yokogawa,
Stain3-Yokogawa,Yokogawa-BR00115131,CellCarrierUltra 384,Thermo Fisher,BR00115131,1 µg/mL,100 µg/mL,3 µM,1.5 µg/mL ,8.25 nM,500 nM,,,Yes,U2OS,2000,Confocal,1,1x1,Quantitative,JUMP-MOA,48,,https://github.com/jump-cellpainting/pilot-data-public/tree/main/profiles/2020_08_11_Stain3_Yokogawa,
Stain3-Yokogawa,Yokogawa-BR00115132,CellCarrierUltra 384,Thermo Fisher,BR00115132,0.25 µg/mL,25 µg/mL,0.75 µM,.375 µg/mL ,4.125 nM,125 nM,,,Yes,U2OS,2000,Confocal,1,1x1,Quantitative,JUMP-MOA,48,,https://github.com/jump-cellpainting/pilot-data-public/tree/main/profiles/2020_08_11_Stain3_Yokogawa,
Stain3-Yokogawa,Yokogawa-BR00115133,CellCarrierUltra 384,Thermo Fisher,BR00115133,0.5 µg/mL,50 µg/mL,1.5 µM,0.75 µg/mL ,8.25 nM,250 nM,,,Yes,U2OS,2000,Confocal,1,1x1,Quantitative,JUMP-MOA,48,,https://github.com/jump-cellpainting/pilot-data-public/tree/main/profiles/2020_08_11_Stain3_Yokogawa,
Stain3-Yokogawa,Yokogawa-BR00115134,CellCarrierUltra 384,Thermo Fisher,BR00115134,1 µg/mL,100 µg/mL,3 µM,1.5 µg/mL ,16.5 nM,500 nM,,,Yes,U2OS,2000,Confocal,1,1x1,Quantitative,JUMP-MOA,48,,https://github.com/jump-cellpainting/pilot-data-public/tree/main/profiles/2020_08_11_Stain3_Yokogawa,
Stain4,Standard-200921_193743-V,CellCarrierUltra 384,Thermo Fisher,200921_193743-V,0.5 µg/mL,50 µg/mL,1.5 µM,0.75 µg/mL ,8.25 nM,250 nM,,,Yes,U2OS,2000,Widefield,1,2x2,Quantitative,JUMP-MOA,48,,https://github.com/jump-cellpainting/pilot-data-public/tree/main/profiles/2020_09_22_Stain4_Standard,
Stain4,Bray_HighExp-200921_193743-V,CellCarrierUltra 384,Thermo Fisher,200921_193743-V,0.5 µg/mL,50 µg/mL,1.5 µM,0.75 µg/mL ,8.25 nM,250 nM,,Higher exposure,Yes,U2OS,2000,Widefield,1,2x2,Quantitative,JUMP-MOA,48,,https://github.com/jump-cellpainting/pilot-data-public/tree/main/profiles/2020_09_22_Stain4_Bray_HighExp,
Stain4,Bray_HighExp-200922_015124-V,CellCarrierUltra 384,Thermo Fisher,200922_015124-V,0.5 µg/mL,50 µg/mL,1.5 µM,0.75 µg/mL ,8.25 nM,250 nM,,Higher exposure,Yes,U2OS,2000,Widefield,1,2x2,Quantitative,JUMP-MOA,48,,https://github.com/jump-cellpainting/pilot-data-public/tree/main/profiles/2020_09_22_Stain4_Bray_HighExp,
Stain4,Standard-200922_051214-V,CellCarrierUltra 384,Thermo Fisher,200922_051214-V,0.5 µg/mL,50 µg/mL,1.5 µM,0.75 µg/mL ,8.25 nM,250 nM,,,Yes,U2OS,2000,Widefield,1,2x2,Quantitative,JUMP-MOA,48,,https://github.com/jump-cellpainting/pilot-data-public/tree/main/profiles/2020_09_22_Stain4_Standard,
Stain4,Bray-BR00116620,CellCarrierUltra 384,Thermo Fisher,BR00116620,5 µg/mL,100 µg/mL,3 µM,1.5 µg/mL ,33 nM,500 nM,,,Yes,U2OS,2000,Widefield,1,2x2,Quantitative,JUMP-MOA,48,,https://github.com/jump-cellpainting/pilot-data-public/tree/main/profiles/2020_09_22_Stain4_Bray,
Stain4,Bray_HighExp-BR00116620,CellCarrierUltra 384,Thermo Fisher,BR00116620,5 µg/mL,100 µg/mL,3 µM,1.5 µg/mL ,33 nM,500 nM,,Higher exposure,Yes,U2OS,2000,Widefield,1,2x2,Quantitative,JUMP-MOA,48,,https://github.com/jump-cellpainting/pilot-data-public/tree/main/profiles/2020_09_22_Stain4_Bray_HighExp,
Stain4,Bray-BR00116621,CellCarrierUltra 384,Thermo Fisher,BR00116621,5 µg/mL,100 µg/mL,3 µM,1.5 µg/mL ,33 nM,500 nM,,,Yes,U2OS,2000,Widefield,1,2x2,Quantitative,JUMP-MOA,48,,https://github.com/jump-cellpainting/pilot-data-public/tree/main/profiles/2020_09_22_Stain4_Bray,
Stain4,Bray_HighExp-BR00116621,CellCarrierUltra 384,Thermo Fisher,BR00116621,5 µg/mL,100 µg/mL,3 µM,1.5 µg/mL ,33 nM,500 nM,,Higher exposure,Yes,U2OS,2000,Widefield,1,2x2,Quantitative,JUMP-MOA,48,,https://github.com/jump-cellpainting/pilot-data-public/tree/main/profiles/2020_09_22_Stain4_Bray_HighExp,
Stain4,Bray_HighExp-BR00116622,CellCarrierUltra 384,Thermo Fisher,BR00116622,0.5 µg/mL,50 µg/mL,1.5 µM,0.75 µg/mL ,8.25 nM,250 nM,,Higher exposure,Yes,U2OS,2000,Widefield,1,2x2,Quantitative,JUMP-MOA,48,,https://github.com/jump-cellpainting/pilot-data-public/tree/main/profiles/2020_09_22_Stain4_Bray_HighExp,
Stain4,Standard-BR00116622,CellCarrierUltra 384,Thermo Fisher,BR00116622,0.5 µg/mL,50 µg/mL,1.5 µM,0.75 µg/mL ,8.25 nM,250 nM,,,Yes,U2OS,2000,Widefield,1,2x2,Quantitative,JUMP-MOA,48,,https://github.com/jump-cellpainting/pilot-data-public/tree/main/profiles/2020_09_22_Stain4_Standard,
Stain4,Bray-BR00116624,CellCarrierUltra 384,Thermo Fisher,BR00116624,5 µg/mL,100 µg/mL,3 µM,1.5 µg/mL ,33 nM,500 nM,,,Yes,U2OS,2000,Widefield,1,2x2,Quantitative,JUMP-MOA,48,,https://github.com/jump-cellpainting/pilot-data-public/tree/main/profiles/2020_09_22_Stain4_Bray,
Stain4,Bray_HighExp-BR00116624,CellCarrierUltra 384,Thermo Fisher,BR00116624,5 µg/mL,100 µg/mL,3 µM,1.5 µg/mL ,33 nM,500 nM,,Higher exposure,Yes,U2OS,2000,Widefield,1,2x2,Quantitative,JUMP-MOA,48,,https://github.com/jump-cellpainting/pilot-data-public/tree/main/profiles/2020_09_22_Stain4_Bray_HighExp,
Stain4,HighExp-BR00116625,CellCarrierUltra 384,Thermo Fisher,BR00116625,1 µg/mL,50 µg/mL,3 µM,1.5 µg/mL ,8.25 nM,500 nM,,Higher exposure,Yes,U2OS,2000,Widefield,1,2x2,Quantitative,JUMP-MOA,48,,https://github.com/jump-cellpainting/pilot-data-public/tree/main/profiles/2020_09_22_Stain4_HighExp,
Stain4,Standard-BR00116625,CellCarrierUltra 384,Thermo Fisher,BR00116625,1 µg/mL,50 µg/mL,3 µM,1.5 µg/mL ,8.25 nM,500 nM,,,Yes,U2OS,2000,Widefield,1,2x2,Quantitative,JUMP-MOA,48,,https://github.com/jump-cellpainting/pilot-data-public/tree/main/profiles/2020_09_22_Stain4_Standard,
Stain4,HighExp-BR00116627,CellCarrierUltra 384,Thermo Fisher,BR00116627,1 µg/mL,50 µg/mL,3 µM,1.5 µg/mL ,8.25 nM,500 nM,,Higher exposure,Yes,U2OS,2000,Widefield,1,2x2,Quantitative,JUMP-MOA,48,,https://github.com/jump-cellpainting/pilot-data-public/tree/main/profiles/2020_09_22_Stain4_HighExp,
Stain4,Standard-BR00116627,CellCarrierUltra 384,Thermo Fisher,BR00116627,1 µg/mL,50 µg/mL,3 µM,1.5 µg/mL ,8.25 nM,500 nM,,,Yes,U2OS,2000,Widefield,1,2x2,Quantitative,JUMP-MOA,48,,https://github.com/jump-cellpainting/pilot-data-public/tree/main/profiles/2020_09_22_Stain4_Standard,
Stain4,HighExp-BR00116628,CellCarrierUltra 384,Thermo Fisher,BR00116628,1 µg/mL,50 µg/mL,3 µM,1.5 µg/mL ,8.25 nM,500 nM,,Higher exposure,Yes,U2OS,2000,Widefield,1,2x2,Quantitative,JUMP-MOA,48,,https://github.com/jump-cellpainting/pilot-data-public/tree/main/profiles/2020_09_22_Stain4_HighExp,
Stain4,Standard-BR00116628,CellCarrierUltra 384,Thermo Fisher,BR00116628,1 µg/mL,50 µg/mL,3 µM,1.5 µg/mL ,8.25 nM,500 nM,,,Yes,U2OS,2000,Widefield,1,2x2,Quantitative,JUMP-MOA,48,,https://github.com/jump-cellpainting/pilot-data-public/tree/main/profiles/2020_09_22_Stain4_Standard,
Stain4,HighExp-BR00116629,CellCarrierUltra 384,Thermo Fisher,BR00116629,1 µg/mL,100 µg/mL,3 µM,1.5 µg/mL ,8.25 nM,500 nM,,Higher exposure,Yes,U2OS,2000,Widefield,1,2x2,Quantitative,JUMP-MOA,48,,https://github.com/jump-cellpainting/pilot-data-public/tree/main/profiles/2020_09_22_Stain4_HighExp,
Stain4,Standard-BR00116629,CellCarrierUltra 384,Thermo Fisher,BR00116629,1 µg/mL,100 µg/mL,3 µM,1.5 µg/mL ,8.25 nM,500 nM,,,Yes,U2OS,2000,Widefield,1,2x2,Quantitative,JUMP-MOA,48,,https://github.com/jump-cellpainting/pilot-data-public/tree/main/profiles/2020_09_22_Stain4_Standard,
Stain4,HighExp-BR00116630,CellCarrierUltra 384,Thermo Fisher,BR00116630,1 µg/mL,100 µg/mL,3 µM,1.5 µg/mL ,8.25 nM,500 nM,,Higher exposure,Yes,U2OS,2000,Widefield,1,2x2,Quantitative,JUMP-MOA,48,,https://github.com/jump-cellpainting/pilot-data-public/tree/main/profiles/2020_09_22_Stain4_HighExp,
Stain4,Standard-BR00116630,CellCarrierUltra 384,Thermo Fisher,BR00116630,1 µg/mL,100 µg/mL,3 µM,1.5 µg/mL ,8.25 nM,500 nM,,,Yes,U2OS,2000,Widefield,1,2x2,Quantitative,JUMP-MOA,48,,https://github.com/jump-cellpainting/pilot-data-public/tree/main/profiles/2020_09_22_Stain4_Standard,
Stain4,HighExp-BR00116631,CellCarrierUltra 384,Thermo Fisher,BR00116631,1 µg/mL,100 µg/mL,3 µM,1.5 µg/mL ,8.25 nM,500 nM,,Higher exposure,Yes,U2OS,2000,Widefield,1,2x2,Quantitative,JUMP-MOA,48,,https://github.com/jump-cellpainting/pilot-data-public/tree/main/profiles/2020_09_22_Stain4_HighExp,
Stain4,Standard-BR00116631,CellCarrierUltra 384,Thermo Fisher,BR00116631,1 µg/mL,100 µg/mL,3 µM,1.5 µg/mL ,8.25 nM,500 nM,,,Yes,U2OS,2000,Widefield,1,2x2,Quantitative,JUMP-MOA,48,,https://github.com/jump-cellpainting/pilot-data-public/tree/main/profiles/2020_09_22_Stain4_Standard,
Stain4,Bin1-200922_044247-V,CellCarrierUltra 384,Thermo Fisher,BR00116632,1 µg/mL,100 µg/mL,3 µM,1.5 µg/mL ,16.5 nM,500 nM,,,Yes,U2OS,2000,Widefield,1,1x1,Quantitative,JUMP-MOA,48,,https://github.com/jump-cellpainting/pilot-data-public/tree/main/profiles/2020_09_22_Stain4_Bin1,(label fell off during imaging)
Stain4,Bray_HighExp-BR00116632,CellCarrierUltra 384,Thermo Fisher,BR00116632,1 µg/mL,100 µg/mL,3 µM,1.5 µg/mL ,16.5 nM,500 nM,,,Yes,U2OS,2000,Widefield,1,2x2,Quantitative,JUMP-MOA,48,,https://github.com/jump-cellpainting/pilot-data-public/tree/main/profiles/2020_09_22_Stain4_Bray_HighExp,
Stain4,Bin1-BR00116633,CellCarrierUltra 384,Thermo Fisher,BR00116633,1 µg/mL,100 µg/mL,3 µM,1.5 µg/mL ,16.5 nM,500 nM,,,Yes,U2OS,2000,Widefield,1,1x1,Quantitative,JUMP-MOA,48,,https://github.com/jump-cellpainting/pilot-data-public/tree/main/profiles/2020_09_22_Stain4_Bin1,
Stain4,Bray_HighExp-BR00116633,CellCarrierUltra 384,Thermo Fisher,BR00116633,1 µg/mL,100 µg/mL,3 µM,1.5 µg/mL ,16.5 nM,500 nM,,,Yes,U2OS,2000,Widefield,1,2x2,Quantitative,JUMP-MOA,48,,https://github.com/jump-cellpainting/pilot-data-public/tree/main/profiles/2020_09_22_Stain4_Bray_HighExp,
Stain4,Bin1-BR00116634,CellCarrierUltra 384,Thermo Fisher,BR00116634,1 µg/mL,100 µg/mL,3 µM,1.5 µg/mL ,16.5 nM,500 nM,,,Yes,U2OS,2000,Widefield,1,1x1,Quantitative,JUMP-MOA,48,,https://github.com/jump-cellpainting/pilot-data-public/tree/main/profiles/2020_09_22_Stain4_Bin1,
Stain4,Bray_HighExp-BR00116634,CellCarrierUltra 384,Thermo Fisher,BR00116634,1 µg/mL,100 µg/mL,3 µM,1.5 µg/mL ,16.5 nM,500 nM,,,Yes,U2OS,2000,Widefield,1,2x2,Quantitative,JUMP-MOA,48,,https://github.com/jump-cellpainting/pilot-data-public/tree/main/profiles/2020_09_22_Stain4_Bray_HighExp,
Stain5,CondA-Confocal-BR00120523,CellCarrierUltra 384,Thermo Fisher,BR00120523,1µg/mL,100µg/mL,3µM,1.5 µg/mL,8.25nM,500 nM,,,Yes,U2OS,1000,Confocal,1,2x2,Quantitative,JUMP-MOA,48,,https://github.com/jump-cellpainting/pilot-data-public/tree/main/profiles/Stain5_CondAB_Confocal,
Stain5,CondA-Confocal-BR00120524,CellCarrierUltra 384,Thermo Fisher,BR00120524,1µg/mL,100µg/mL,3µM,1.5 µg/mL,8.25nM,500 nM,,,Yes,U2OS,1000,Confocal,1,2x2,Quantitative,JUMP-MOA,48,,https://github.com/jump-cellpainting/pilot-data-public/tree/main/profiles/Stain5_CondAB_Confocal,
Stain5,CondA-Confocal-BR00120525,CellCarrierUltra 384,Thermo Fisher,BR00120525,1µg/mL,100µg/mL,3µM,1.5 µg/mL,8.25nM,500 nM,,,Yes,U2OS,1000,Confocal,1,2x2,Quantitative,JUMP-MOA,48,,https://github.com/jump-cellpainting/pilot-data-public/tree/main/profiles/Stain5_CondAB_Confocal,
Stain5,CondA-Confocal-BR00120526,CellCarrierUltra 384,Thermo Fisher,BR00120526,1µg/mL,100µg/mL,3µM,1.5 µg/mL,8.25nM,500 nM,,,Yes,U2OS,1000,Confocal,1,2x2,Quantitative,JUMP-MOA,48,,https://github.com/jump-cellpainting/pilot-data-public/tree/main/profiles/Stain5_CondAB_Confocal,
Stain5,CondA-Confocal-BR00120527,CellCarrierUltra 384,Perkin Elmer,BR00120527,1µg/mL,100µg/mL,3µM,1.5 µg/mL,8.25nM,500 nM,,,Yes,U2OS,1000,Confocal,1,2x2,Quantitative,JUMP-MOA,48,,https://github.com/jump-cellpainting/pilot-data-public/tree/main/profiles/Stain5_CondAB_Confocal,
Stain5,CondA-Confocal-BR00120528,CellCarrierUltra 384,Perkin Elmer,BR00120528,1µg/mL,100µg/mL,3µM,1.5 µg/mL,8.25nM,500 nM,,,Yes,U2OS,1000,Confocal,1,2x2,Quantitative,JUMP-MOA,48,,https://github.com/jump-cellpainting/pilot-data-public/tree/main/profiles/Stain5_CondAB_Confocal,
Stain5,CondA-Confocal-BR00120529,CellCarrierUltra 384,Perkin Elmer,BR00120529,1µg/mL,100µg/mL,3µM,1.5 µg/mL,8.25nM,500 nM,,,Yes,U2OS,1000,Confocal,1,2x2,Quantitative,JUMP-MOA,48,,https://github.com/jump-cellpainting/pilot-data-public/tree/main/profiles/Stain5_CondAB_Confocal,
Stain5,CondA-Confocal-BR00120530,CellCarrierUltra 384,Perkin Elmer,BR00120530,1µg/mL,100µg/mL,3µM,1.5 µg/mL,8.25nM,500 nM,,,Yes,U2OS,1000,Confocal,1,2x2,Quantitative,JUMP-MOA,48,,https://github.com/jump-cellpainting/pilot-data-public/tree/main/profiles/Stain5_CondAB_Confocal,
Stain5,CondA-Standard-BR00120523,CellCarrierUltra 384,Thermo Fisher,BR00120523,1µg/mL,100µg/mL,3µM,1.5 µg/mL,8.25nM,500 nM,,,Yes,U2OS,1000,Widefield,1,2x2,Quantitative,JUMP-MOA,48,,https://github.com/jump-cellpainting/pilot-data-public/tree/main/profiles/Stain5_CondAB_Standard,
Stain5,CondA-Standard-BR00120524,CellCarrierUltra 384,Thermo Fisher,BR00120524,1µg/mL,100µg/mL,3µM,1.5 µg/mL,8.25nM,500 nM,,,Yes,U2OS,1000,Widefield,1,2x2,Quantitative,JUMP-MOA,48,,https://github.com/jump-cellpainting/pilot-data-public/tree/main/profiles/Stain5_CondAB_Standard,
Stain5,CondA-Standard-BR00120525,CellCarrierUltra 384,Thermo Fisher,BR00120525,1µg/mL,100µg/mL,3µM,1.5 µg/mL,8.25nM,500 nM,,,Yes,U2OS,1000,Widefield,1,2x2,Quantitative,JUMP-MOA,48,,https://github.com/jump-cellpainting/pilot-data-public/tree/main/profiles/Stain5_CondAB_Standard,
Stain5,CondA-Standard-BR00120526,CellCarrierUltra 384,Thermo Fisher,BR00120526,1µg/mL,100µg/mL,3µM,1.5 µg/mL,8.25nM,500 nM,,,Yes,U2OS,1000,Widefield,1,2x2,Quantitative,JUMP-MOA,48,,https://github.com/jump-cellpainting/pilot-data-public/tree/main/profiles/Stain5_CondAB_Standard,
Stain5,CondA-Standard-BR00120527,CellCarrierUltra 384,Perkin Elmer,BR00120527,1µg/mL,100µg/mL,3µM,1.5 µg/mL,8.25nM,500 nM,,,Yes,U2OS,1000,Widefield,1,2x2,Quantitative,JUMP-MOA,48,,https://github.com/jump-cellpainting/pilot-data-public/tree/main/profiles/Stain5_CondAB_Standard,
Stain5,CondA-Standard-BR00120528,CellCarrierUltra 384,Perkin Elmer,BR00120528,1µg/mL,100µg/mL,3µM,1.5 µg/mL,8.25nM,500 nM,,,Yes,U2OS,1000,Widefield,1,2x2,Quantitative,JUMP-MOA,48,,https://github.com/jump-cellpainting/pilot-data-public/tree/main/profiles/Stain5_CondAB_Standard,
Stain5,CondA-Standard-BR00120529,CellCarrierUltra 384,Perkin Elmer,BR00120529,1µg/mL,100µg/mL,3µM,1.5 µg/mL,8.25nM,500 nM,,,Yes,U2OS,1000,Widefield,1,2x2,Quantitative,JUMP-MOA,48,,https://github.com/jump-cellpainting/pilot-data-public/tree/main/profiles/Stain5_CondAB_Standard,
Stain5,CondA-Standard-BR00120530,CellCarrierUltra 384,Perkin Elmer,BR00120530,1µg/mL,100µg/mL,3µM,1.5 µg/mL,8.25nM,500 nM,,,Yes,U2OS,1000,Widefield,1,2x2,Quantitative,JUMP-MOA,48,,https://github.com/jump-cellpainting/pilot-data-public/tree/main/profiles/Stain5_CondAB_Standard,
Stain5,CondB-Confocal-BR00120531,CellCarrierUltra 384,Thermo Fisher,BR00120531,1µg/mL,5µg/mL,3µM,1.5 µg/mL,8.25nM,500 nM,,,Yes,U2OS,1000,Confocal,1,2x2,Quantitative,JUMP-MOA,48,,https://github.com/jump-cellpainting/pilot-data-public/tree/main/profiles/Stain5_CondAB_Confocal,
Stain5,CondB-Confocal-BR00120532,CellCarrierUltra 384,Thermo Fisher,BR00120532,1µg/mL,5µg/mL,3µM,1.5 µg/mL,8.25nM,500 nM,,,Yes,U2OS,1000,Confocal,1,2x2,Quantitative,JUMP-MOA,48,,https://github.com/jump-cellpainting/pilot-data-public/tree/main/profiles/Stain5_CondAB_Confocal,
Stain5,CondB-Confocal-BR00120533,CellCarrierUltra 384,Thermo Fisher,BR00120533,1µg/mL,5µg/mL,3µM,1.5 µg/mL,8.25nM,500 nM,,,Yes,U2OS,1000,Confocal,1,2x2,Quantitative,JUMP-MOA,48,,https://github.com/jump-cellpainting/pilot-data-public/tree/main/profiles/Stain5_CondAB_Confocal,
Stain5,CondB-Confocal-BR00120534,CellCarrierUltra 384,Thermo Fisher,BR00120534,1µg/mL,5µg/mL,3µM,1.5 µg/mL,8.25nM,500 nM,,,Yes,U2OS,1000,Confocal,1,2x2,Quantitative,JUMP-MOA,48,,https://github.com/jump-cellpainting/pilot-data-public/tree/main/profiles/Stain5_CondAB_Confocal,
Stain5,CondB-Confocal-BR00120535,CellCarrierUltra 384,Perkin Elmer,BR00120535,1µg/mL,5µg/mL,3µM,1.5 µg/mL,8.25nM,500 nM,,,Yes,U2OS,1000,Confocal,1,2x2,Quantitative,JUMP-MOA,48,,https://github.com/jump-cellpainting/pilot-data-public/tree/main/profiles/Stain5_CondAB_Confocal,
Stain5,CondB-Confocal-BR00120536,CellCarrierUltra 384,Perkin Elmer,BR00120536,1µg/mL,5µg/mL,3µM,1.5 µg/mL,8.25nM,500 nM,,,Yes,U2OS,1000,Confocal,1,2x2,Quantitative,JUMP-MOA,48,,https://github.com/jump-cellpainting/pilot-data-public/tree/main/profiles/Stain5_CondAB_Confocal,
Stain5,CondB-Confocal-BR00120537,CellCarrierUltra 384,Perkin Elmer,BR00120537,1µg/mL,5µg/mL,3µM,1.5 µg/mL,8.25nM,500 nM,,,Yes,U2OS,1000,Confocal,1,2x2,Quantitative,JUMP-MOA,48,,https://github.com/jump-cellpainting/pilot-data-public/tree/main/profiles/Stain5_CondAB_Confocal,
Stain5,CondB-Confocal-BR00120538,CellCarrierUltra 384,Perkin Elmer,BR00120538,1µg/mL,5µg/mL,3µM,1.5 µg/mL,8.25nM,500 nM,,,Yes,U2OS,1000,Confocal,1,2x2,Quantitative,JUMP-MOA,48,,https://github.com/jump-cellpainting/pilot-data-public/tree/main/profiles/Stain5_CondAB_Confocal,
Stain5,CondB-Standard-BR00120531,CellCarrierUltra 384,Thermo Fisher,BR00120531,1µg/mL,5µg/mL,3µM,1.5 µg/mL,8.25nM,500 nM,,,Yes,U2OS,1000,Widefield,1,2x2,Quantitative,JUMP-MOA,48,,https://github.com/jump-cellpainting/pilot-data-public/tree/main/profiles/Stain5_CondAB_Standard,
Stain5,CondB-Standard-BR00120532,CellCarrierUltra 384,Thermo Fisher,BR00120532,1µg/mL,5µg/mL,3µM,1.5 µg/mL,8.25nM,500 nM,,,Yes,U2OS,1000,Widefield,1,2x2,Quantitative,JUMP-MOA,48,,https://github.com/jump-cellpainting/pilot-data-public/tree/main/profiles/Stain5_CondAB_Standard,
Stain5,CondB-Standard-BR00120533,CellCarrierUltra 384,Thermo Fisher,BR00120533,1µg/mL,5µg/mL,3µM,1.5 µg/mL,8.25nM,500 nM,,,Yes,U2OS,1000,Widefield,1,2x2,Quantitative,JUMP-MOA,48,,https://github.com/jump-cellpainting/pilot-data-public/tree/main/profiles/Stain5_CondAB_Standard,
Stain5,CondB-Standard-BR00120534,CellCarrierUltra 384,Thermo Fisher,BR00120534,1µg/mL,5µg/mL,3µM,1.5 µg/mL,8.25nM,500 nM,,,Yes,U2OS,1000,Widefield,1,2x2,Quantitative,JUMP-MOA,48,,https://github.com/jump-cellpainting/pilot-data-public/tree/main/profiles/Stain5_CondAB_Standard,
Stain5,CondB-Standard-BR00120535,CellCarrierUltra 384,Perkin Elmer,BR00120535,1µg/mL,5µg/mL,3µM,1.5 µg/mL,8.25nM,500 nM,,,Yes,U2OS,1000,Widefield,1,2x2,Quantitative,JUMP-MOA,48,,https://github.com/jump-cellpainting/pilot-data-public/tree/main/profiles/Stain5_CondAB_Standard,
Stain5,CondB-Standard-BR00120536,CellCarrierUltra 384,Perkin Elmer,BR00120536,1µg/mL,5µg/mL,3µM,1.5 µg/mL,8.25nM,500 nM,,,Yes,U2OS,1000,Widefield,1,2x2,Quantitative,JUMP-MOA,48,,https://github.com/jump-cellpainting/pilot-data-public/tree/main/profiles/Stain5_CondAB_Standard,
Stain5,CondB-Standard-BR00120537,CellCarrierUltra 384,Perkin Elmer,BR00120537,1µg/mL,5µg/mL,3µM,1.5 µg/mL,8.25nM,500 nM,,,Yes,U2OS,1000,Widefield,1,2x2,Quantitative,JUMP-MOA,48,,https://github.com/jump-cellpainting/pilot-data-public/tree/main/profiles/Stain5_CondAB_Standard,
Stain5,CondB-Standard-BR00120538,CellCarrierUltra 384,Perkin Elmer,BR00120538,1µg/mL,5µg/mL,3µM,1.5 µg/mL,8.25nM,500 nM,,,Yes,U2OS,1000,Widefield,1,2x2,Quantitative,JUMP-MOA,48,,https://github.com/jump-cellpainting/pilot-data-public/tree/main/profiles/Stain5_CondAB_Standard,
Stain5,CondC-Confocal-BR00120270,CellCarrierUltra 384,Thermo Fisher,BR00120270,1µg/mL,5µg/mL,6µM,1.5 µg/mL,8.25nM,500 nM,,,Yes,U2OS,1000,Confocal,1,2x2,Quantitative,JUMP-MOA,48,,https://github.com/jump-cellpainting/pilot-data-public/tree/main/profiles/Stain5_CondC_Confocal,
Stain5,CondC-Confocal-BR00120271,CellCarrierUltra 384,Thermo Fisher,BR00120271,1µg/mL,5µg/mL,6µM,1.5 µg/mL,8.25nM,500 nM,,,Yes,U2OS,1000,Confocal,1,2x2,Quantitative,JUMP-MOA,48,,https://github.com/jump-cellpainting/pilot-data-public/tree/main/profiles/Stain5_CondC_Confocal,
Stain5,CondC-Confocal-BR00120272,CellCarrierUltra 384,Thermo Fisher,BR00120272,1µg/mL,5µg/mL,6µM,1.5 µg/mL,8.25nM,500 nM,,,Yes,U2OS,1000,Confocal,1,2x2,Quantitative,JUMP-MOA,48,,https://github.com/jump-cellpainting/pilot-data-public/tree/main/profiles/Stain5_CondC_Confocal,
Stain5,CondC-Confocal-BR00120273,CellCarrierUltra 384,Thermo Fisher,BR00120273,1µg/mL,5µg/mL,6µM,1.5 µg/mL,8.25nM,500 nM,,,Yes,U2OS,1000,Confocal,1,2x2,Quantitative,JUMP-MOA,48,,https://github.com/jump-cellpainting/pilot-data-public/tree/main/profiles/Stain5_CondC_Confocal,
Stain5,CondC-Confocal-BR00120274,CellCarrierUltra 384,Perkin Elmer,BR00120274,1µg/mL,5µg/mL,6µM,1.5 µg/mL,8.25nM,500 nM,,,Yes,U2OS,1000,Confocal,1,2x2,Quantitative,JUMP-MOA,48,,https://github.com/jump-cellpainting/pilot-data-public/tree/main/profiles/Stain5_CondC_Confocal,
Stain5,CondC-Confocal-BR00120275,CellCarrierUltra 384,Perkin Elmer,BR00120275,1µg/mL,5µg/mL,6µM,1.5 µg/mL,8.25nM,500 nM,,,Yes,U2OS,1000,Confocal,1,2x2,Quantitative,JUMP-MOA,48,,https://github.com/jump-cellpainting/pilot-data-public/tree/main/profiles/Stain5_CondC_Confocal,
Stain5,CondC-Confocal-BR00120276,CellCarrierUltra 384,Perkin Elmer,BR00120276,1µg/mL,5µg/mL,6µM,1.5 µg/mL,8.25nM,500 nM,,,Yes,U2OS,1000,Confocal,1,2x2,Quantitative,JUMP-MOA,48,,https://github.com/jump-cellpainting/pilot-data-public/tree/main/profiles/Stain5_CondC_Confocal,
Stain5,CondC-Confocal-BR00120277,CellCarrierUltra 384,Perkin Elmer,BR00120277,1µg/mL,5µg/mL,6µM,1.5 µg/mL,8.25nM,500 nM,,,Yes,U2OS,1000,Confocal,1,2x2,Quantitative,JUMP-MOA,48,,https://github.com/jump-cellpainting/pilot-data-public/tree/main/profiles/Stain5_CondC_Confocal,
Stain5,CondC-Standard-BR00120270,CellCarrierUltra 384,Thermo Fisher,BR00120270,1µg/mL,5µg/mL,6µM,1.5 µg/mL,8.25nM,500 nM,,,Yes,U2OS,1000,Widefield,1,2x2,Quantitative,JUMP-MOA,48,,https://github.com/jump-cellpainting/pilot-data-public/tree/main/profiles/Stain5_CondC_Standard,
Stain5,CondC-Standard-BR00120271,CellCarrierUltra 384,Thermo Fisher,BR00120271,1µg/mL,5µg/mL,6µM,1.5 µg/mL,8.25nM,500 nM,,,Yes,U2OS,1000,Widefield,1,2x2,Quantitative,JUMP-MOA,48,,https://github.com/jump-cellpainting/pilot-data-public/tree/main/profiles/Stain5_CondC_Standard,
Stain5,CondC-Standard-BR00120272,CellCarrierUltra 384,Thermo Fisher,BR00120272,1µg/mL,5µg/mL,6µM,1.5 µg/mL,8.25nM,500 nM,,,Yes,U2OS,1000,Widefield,1,2x2,Quantitative,JUMP-MOA,48,,https://github.com/jump-cellpainting/pilot-data-public/tree/main/profiles/Stain5_CondC_Standard,
Stain5,CondC-Standard-BR00120273,CellCarrierUltra 384,Thermo Fisher,BR00120273,1µg/mL,5µg/mL,6µM,1.5 µg/mL,8.25nM,500 nM,,,Yes,U2OS,1000,Widefield,1,2x2,Quantitative,JUMP-MOA,48,,https://github.com/jump-cellpainting/pilot-data-public/tree/main/profiles/Stain5_CondC_Standard,
Stain5,CondC-Standard-BR00120274,CellCarrierUltra 384,Perkin Elmer,BR00120274,1µg/mL,5µg/mL,6µM,1.5 µg/mL,8.25nM,500 nM,,,Yes,U2OS,1000,Widefield,1,2x2,Quantitative,JUMP-MOA,48,,https://github.com/jump-cellpainting/pilot-data-public/tree/main/profiles/Stain5_CondC_Standard,
Stain5,CondC-Standard-BR00120275,CellCarrierUltra 384,Perkin Elmer,BR00120275,1µg/mL,5µg/mL,6µM,1.5 µg/mL,8.25nM,500 nM,,,Yes,U2OS,1000,Widefield,1,2x2,Quantitative,JUMP-MOA,48,,https://github.com/jump-cellpainting/pilot-data-public/tree/main/profiles/Stain5_CondC_Standard,
Stain5,CondC-Standard-BR00120276,CellCarrierUltra 384,Perkin Elmer,BR00120276,1µg/mL,5µg/mL,6µM,1.5 µg/mL,8.25nM,500 nM,,,Yes,U2OS,1000,Widefield,1,2x2,Quantitative,JUMP-MOA,48,,https://github.com/jump-cellpainting/pilot-data-public/tree/main/profiles/Stain5_CondC_Standard,
Stain5,CondC-Standard-BR00120277,CellCarrierUltra 384,Perkin Elmer,BR00120277,1µg/mL,5µg/mL,6µM,1.5 µg/mL,8.25nM,500 nM,,,Yes,U2OS,1000,Widefield,1,2x2,Quantitative,JUMP-MOA,48,,https://github.com/jump-cellpainting/pilot-data-public/tree/main/profiles/Stain5_CondC_Standard,
Stain5-AZ,CondA-1031173312,CellCarrierUltra 384,Perkin Elmer,1031173312,1µg/mL,100µg/mL,3µM,1.5 µg/mL,8.25nM,500 nM,,,Yes,U2OS,,Confocal,,2x2,Quantitative,JUMP-MOA-AZ,48,,https://github.com/jump-cellpainting/pilot-data-public/tree/main/profiles/Stain5_AZ,
Stain5-AZ,CondA-1031173329,CellCarrierUltra 384,Perkin Elmer,1031173329,1µg/mL,100µg/mL,3µM,1.5 µg/mL,8.25nM,500 nM,,,Yes,U2OS,,Confocal,,2x2,Quantitative,JUMP-MOA-AZ,48,,https://github.com/jump-cellpainting/pilot-data-public/tree/main/profiles/Stain5_AZ,
Stain5-AZ,CondA-1031173336,CellCarrierUltra 384,Perkin Elmer,1031173336,1µg/mL,100µg/mL,3µM,1.5 µg/mL,8.25nM,500 nM,,,Yes,U2OS,,Confocal,,2x2,Quantitative,JUMP-MOA-AZ,48,,https://github.com/jump-cellpainting/pilot-data-public/tree/main/profiles/Stain5_AZ,
Stain5-AZ,CondA-1031173343,CellCarrierUltra 384,Perkin Elmer,1031173343,1µg/mL,100µg/mL,3µM,1.5 µg/mL,8.25nM,500 nM,,,Yes,U2OS,,Confocal,,2x2,Quantitative,JUMP-MOA-AZ,48,,https://github.com/jump-cellpainting/pilot-data-public/tree/main/profiles/Stain5_AZ,
Stain5-AZ,CondA-1031173374,CellCarrierUltra 384,Thermo Fisher,1031173374,1µg/mL,100µg/mL,3µM,1.5 µg/mL,8.25nM,500 nM,,,Yes,U2OS,,Confocal,,2x2,Quantitative,JUMP-MOA-AZ,48,,https://github.com/jump-cellpainting/pilot-data-public/tree/main/profiles/Stain5_AZ,
Stain5-AZ,CondA-1031173381,CellCarrierUltra 384,Thermo Fisher,1031173381,1µg/mL,100µg/mL,3µM,1.5 µg/mL,8.25nM,500 nM,,,Yes,U2OS,,Confocal,,2x2,Quantitative,JUMP-MOA-AZ,48,,https://github.com/jump-cellpainting/pilot-data-public/tree/main/profiles/Stain5_AZ,
Stain5-AZ,CondA-1031173404,CellCarrierUltra 384,Thermo Fisher,1031173404,1µg/mL,100µg/mL,3µM,1.5 µg/mL,8.25nM,500 nM,,,Yes,U2OS,,Confocal,,2x2,Quantitative,JUMP-MOA-AZ,48,,https://github.com/jump-cellpainting/pilot-data-public/tree/main/profiles/Stain5_AZ,
Stain5-AZ,CondB-1031173275,CellCarrierUltra 384,Perkin Elmer,1031173275,1µg/mL,5µg/mL,3µM,1.5 µg/mL,8.25nM,500 nM,,,Yes,U2OS,,Confocal,,2x2,Quantitative,JUMP-MOA-AZ,48,,https://github.com/jump-cellpainting/pilot-data-public/tree/main/profiles/Stain5_AZ,
Stain5-AZ,CondB-1031173282,CellCarrierUltra 384,Perkin Elmer,1031173282,1µg/mL,5µg/mL,3µM,1.5 µg/mL,8.25nM,500 nM,,,Yes,U2OS,,Confocal,,2x2,Quantitative,JUMP-MOA-AZ,48,,https://github.com/jump-cellpainting/pilot-data-public/tree/main/profiles/Stain5_AZ,
Stain5-AZ,CondB-1031173299,CellCarrierUltra 384,Perkin Elmer,1031173299,1µg/mL,5µg/mL,3µM,1.5 µg/mL,8.25nM,500 nM,,,Yes,U2OS,,Confocal,,2x2,Quantitative,JUMP-MOA-AZ,48,,https://github.com/jump-cellpainting/pilot-data-public/tree/main/profiles/Stain5_AZ,
Stain5-AZ,CondB-1031173305,CellCarrierUltra 384,Perkin Elmer,1031173305,1µg/mL,5µg/mL,3µM,1.5 µg/mL,8.25nM,500 nM,,,Yes,U2OS,,Confocal,,2x2,Quantitative,JUMP-MOA-AZ,48,,https://github.com/jump-cellpainting/pilot-data-public/tree/main/profiles/Stain5_AZ,
Stain5-AZ,CondB-1031173411,CellCarrierUltra 384,Thermo Fisher,1031173411,1µg/mL,5µg/mL,3µM,1.5 µg/mL,8.25nM,500 nM,,,Yes,U2OS,,Confocal,,2x2,Quantitative,JUMP-MOA-AZ,48,,https://github.com/jump-cellpainting/pilot-data-public/tree/main/profiles/Stain5_AZ,
Stain5-AZ,CondB-1031173428,CellCarrierUltra 384,Thermo Fisher,1031173428,1µg/mL,5µg/mL,3µM,1.5 µg/mL,8.25nM,500 nM,,,Yes,U2OS,,Confocal,,2x2,Quantitative,JUMP-MOA-AZ,48,,https://github.com/jump-cellpainting/pilot-data-public/tree/main/profiles/Stain5_AZ,
Stain5-AZ,CondB-1031173435,CellCarrierUltra 384,Thermo Fisher,1031173435,1µg/mL,5µg/mL,3µM,1.5 µg/mL,8.25nM,500 nM,,,Yes,U2OS,,Confocal,,2x2,Quantitative,JUMP-MOA-AZ,48,,https://github.com/jump-cellpainting/pilot-data-public/tree/main/profiles/Stain5_AZ,
Stain5-AZ,CondB-1031173442,CellCarrierUltra 384,Thermo Fisher,1031173442,1µg/mL,5µg/mL,3µM,1.5 µg/mL,8.25nM,500 nM,,,Yes,U2OS,,Confocal,,2x2,Quantitative,JUMP-MOA-AZ,48,,https://github.com/jump-cellpainting/pilot-data-public/tree/main/profiles/Stain5_AZ,
Stain5-AZ,CondC-1031173237,CellCarrierUltra 384,Perkin Elmer,1031173237,1µg/mL,5µg/mL,6µM,1.5 µg/mL,8.25nM,500 nM,,,Yes,U2OS,,Confocal,,2x2,Quantitative,JUMP-MOA-AZ,48,,https://github.com/jump-cellpainting/pilot-data-public/tree/main/profiles/Stain5_AZ,
Stain5-AZ,CondC-1031173244,CellCarrierUltra 384,Perkin Elmer,1031173244,1µg/mL,5µg/mL,6µM,1.5 µg/mL,8.25nM,500 nM,,,Yes,U2OS,,Confocal,,2x2,Quantitative,JUMP-MOA-AZ,48,,https://github.com/jump-cellpainting/pilot-data-public/tree/main/profiles/Stain5_AZ,
Stain5-AZ,CondC-1031173251,CellCarrierUltra 384,Perkin Elmer,1031173251,1µg/mL,5µg/mL,6µM,1.5 µg/mL,8.25nM,500 nM,,,Yes,U2OS,,Confocal,,2x2,Quantitative,JUMP-MOA-AZ,48,,https://github.com/jump-cellpainting/pilot-data-public/tree/main/profiles/Stain5_AZ,
Stain5-AZ,CondC-1031173268,CellCarrierUltra 384,Perkin Elmer,1031173268,1µg/mL,5µg/mL,6µM,1.5 µg/mL,8.25nM,500 nM,,,Yes,U2OS,,Confocal,,2x2,Quantitative,JUMP-MOA-AZ,48,,https://github.com/jump-cellpainting/pilot-data-public/tree/main/profiles/Stain5_AZ,
Stain5-AZ,CondC-1031173350,CellCarrierUltra 384,Thermo Fisher,1031173350,1µg/mL,5µg/mL,6µM,1.5 µg/mL,8.25nM,500 nM,,,Yes,U2OS,,Confocal,,2x2,Quantitative,JUMP-MOA-AZ,48,,https://github.com/jump-cellpainting/pilot-data-public/tree/main/profiles/Stain5_AZ,
Stain5-AZ,CondC-1031173367,CellCarrierUltra 384,Thermo Fisher,1031173367,1µg/mL,5µg/mL,6µM,1.5 µg/mL,8.25nM,500 nM,,,Yes,U2OS,,Confocal,,2x2,Quantitative,JUMP-MOA-AZ,48,,https://github.com/jump-cellpainting/pilot-data-public/tree/main/profiles/Stain5_AZ,
Stain5-AZ,CondC-1031173459,CellCarrierUltra 384,Thermo Fisher,1031173459,1µg/mL,5µg/mL,6µM,1.5 µg/mL,8.25nM,500 nM,,,Yes,U2OS,,Confocal,,2x2,Quantitative,JUMP-MOA-AZ,48,,https://github.com/jump-cellpainting/pilot-data-public/tree/main/profiles/Stain5_AZ,
Stain5-AZ,CondC-1031173466,CellCarrierUltra 384,Thermo Fisher,1031173466,1µg/mL,5µg/mL,6µM,1.5 µg/mL,8.25nM,500 nM,,,Yes,U2OS,,Confocal,,2x2,Quantitative,JUMP-MOA-AZ,48,,https://github.com/jump-cellpainting/pilot-data-public/tree/main/profiles/Stain5_AZ,
Reagent1,CPJUMP001,CellCarrierUltra 384,Thermo Fisher,CPJUMP001,1µg/mL,100µg/mL,3µM,1.5 µg/mL,8.25nM,500 nM,,,Yes,U2OS,1000,Widefield,1,2x2,Quantitative,JUMP-MOA,48,,https://github.com/jump-cellpainting/pilot-data-public/tree/main/profiles/2020_12_11_Reagent1_Pfizer,
Reagent1,CPJUMP002,CellCarrierUltra 384,Thermo Fisher,CPJUMP002,1µg/mL,100µg/mL,3µM,1.5 µg/mL,8.25nM,500 nM,,,Yes,U2OS,1000,Widefield,1,2x2,Quantitative,JUMP-MOA,48,,https://github.com/jump-cellpainting/pilot-data-public/tree/main/profiles/2020_12_11_Reagent1_Pfizer,
Reagent1,CPJUMP003,CellCarrierUltra 384,Thermo Fisher,CPJUMP003,1µg/mL,100µg/mL,3µM,1.5 µg/mL,8.25nM,500 nM,,,Yes,U2OS,1000,Widefield,1,2x2,Quantitative,JUMP-MOA,48,,https://github.com/jump-cellpainting/pilot-data-public/tree/main/profiles/2020_12_11_Reagent1_Pfizer,
Reagent1,CPJUMP004,CellCarrierUltra 384,Thermo Fisher,CPJUMP004,1µg/mL,100µg/mL,3µM,1.5 µg/mL,8.25nM,500 nM,,,Yes,U2OS,1000,Widefield,1,2x2,Quantitative,JUMP-MOA,48,,https://github.com/jump-cellpainting/pilot-data-public/tree/main/profiles/2020_12_11_Reagent1_Pfizer,
Reagent1,CPJUMP005,CellCarrierUltra 384,Perkin Elmer,CPJUMP005,1µg/mL,100µg/mL,3µM,1.5 µg/mL,8.25nM,500 nM,,,Yes,U2OS,1000,Widefield,1,2x2,Quantitative,JUMP-MOA,48,,https://github.com/jump-cellpainting/pilot-data-public/tree/main/profiles/2020_12_11_Reagent1_Pfizer,
Reagent1,CPJUMP006,CellCarrierUltra 384,Perkin Elmer,CPJUMP006,1µg/mL,100µg/mL,3µM,1.5 µg/mL,8.25nM,500 nM,,,Yes,U2OS,1000,Widefield,1,2x2,Quantitative,JUMP-MOA,48,,https://github.com/jump-cellpainting/pilot-data-public/tree/main/profiles/2020_12_11_Reagent1_Pfizer,
Reagent1,CPJUMP007,CellCarrierUltra 384,Perkin Elmer,CPJUMP007,1µg/mL,100µg/mL,3µM,1.5 µg/mL,8.25nM,500 nM,,,Yes,U2OS,1000,Widefield,1,2x2,Quantitative,JUMP-MOA,48,,https://github.com/jump-cellpainting/pilot-data-public/tree/main/profiles/2020_12_11_Reagent1_Pfizer,
Reagent1,CPJUMP008,CellCarrierUltra 384,Perkin Elmer,CPJUMP008,1µg/mL,100µg/mL,3µM,1.5 µg/mL,8.25nM,500 nM,,,Yes,U2OS,1000,Widefield,1,2x2,Quantitative,JUMP-MOA,48,,https://github.com/jump-cellpainting/pilot-data-public/tree/main/profiles/2020_12_11_Reagent1_Pfizer,
Plate1,BR00117030,CellCarrierUltra 384,,BR00117030,1µg/mL,100µg/mL,3µM,1.5 µg/mL,8.25nM,500 nM,,,Yes,,,Widefield,1,2x2,Quantitative,JUMP-MOA,48,,https://github.com/jump-cellpainting/pilot-data-public/tree/main/profiles/2020_10_07_Plate1,
Plate1,BR00117030-Bin1,CellCarrierUltra 384,,BR00117030,1µg/mL,100µg/mL,3µM,1.5 µg/mL,8.25nM,500 nM,,,Yes,,,Widefield,1,1x1,Quantitative,JUMP-MOA,48,,https://github.com/jump-cellpainting/pilot-data-public/tree/main/profiles/2020_10_20_Plate1_PE_Bin1,
Plate1,BR00117031,CellCarrierUltra 384,,BR00117031,1µg/mL,100µg/mL,3µM,1.5 µg/mL,8.25nM,500 nM,,,Yes,,,Widefield,1,2x2,Quantitative,JUMP-MOA,48,,https://github.com/jump-cellpainting/pilot-data-public/tree/main/profiles/2020_10_07_Plate1,
Plate1,BR00117031-Bin1,CellCarrierUltra 384,,BR00117031,1µg/mL,100µg/mL,3µM,1.5 µg/mL,8.25nM,500 nM,,,Yes,,,Widefield,1,1x1,Quantitative,JUMP-MOA,48,,https://github.com/jump-cellpainting/pilot-data-public/tree/main/profiles/2020_10_20_Plate1_PE_Bin1,
Plate1,BR00117032,CellCarrierUltra 384,,BR00117032,1µg/mL,100µg/mL,3µM,1.5 µg/mL,8.25nM,500 nM,,,Yes,,,Widefield,1,2x2,Quantitative,JUMP-MOA,48,,https://github.com/jump-cellpainting/pilot-data-public/tree/main/profiles/2020_10_07_Plate1,
Plate1,BR00117032-Bin1,CellCarrierUltra 384,,BR00117032,1µg/mL,100µg/mL,3µM,1.5 µg/mL,8.25nM,500 nM,,,Yes,,,Widefield,1,1x1,Quantitative,JUMP-MOA,48,,https://github.com/jump-cellpainting/pilot-data-public/tree/main/profiles/2020_10_20_Plate1_PE_Bin1,
Plate1,BR00117143,Aurora 384 w/Evaporation barrier,,BR00117143,1µg/mL,100µg/mL,3µM,1.5 µg/mL,8.25nM,500 nM,,,Yes,,,Widefield,1,2x2,Quantitative,JUMP-MOA,48,,https://github.com/jump-cellpainting/pilot-data-public/tree/main/profiles/2020_10_07_Plate1,
Plate1,BR00117144,Aurora 384 w/Evaporation barrier,,BR00117144,1µg/mL,100µg/mL,3µM,1.5 µg/mL,8.25nM,500 nM,,,Yes,,,Widefield,1,2x2,Quantitative,JUMP-MOA,48,,https://github.com/jump-cellpainting/pilot-data-public/tree/main/profiles/2020_10_07_Plate1,
Plate1,BR00117150,Aurora 384 w/Evaporation barrier,,BR00117150,1µg/mL,100µg/mL,3µM,1.5 µg/mL,8.25nM,500 nM,,,Yes,,,Widefield,1,2x2,Quantitative,JUMP-MOA,48,,https://github.com/jump-cellpainting/pilot-data-public/tree/main/profiles/2020_10_07_Plate1,
Cell1,BR00117088,CellCarrierUltra 384,,BR00117088,1µg/mL,100µg/mL,3µM,1.5 µg/mL,8.25nM,500 nM,,,Yes,U2OS-Polyclonal,1080,Widefield,1,2x2,Quantitative,JUMP-MOA,48,,https://github.com/jump-cellpainting/pilot-data-public/tree/main/profiles/2020_10_02_RestainedCell1,
Cell1,BR00117089,CellCarrierUltra 384,,BR00117089,1µg/mL,100µg/mL,3µM,1.5 µg/mL,8.25nM,500 nM,,,Yes,U2OS-Polyclonal,1320,Widefield,1,2x2,Quantitative,JUMP-MOA,48,,https://github.com/jump-cellpainting/pilot-data-public/tree/main/profiles/2020_10_02_RestainedCell1,
Cell1,BR00117091,CellCarrierUltra 384,,BR00117091,1µg/mL,100µg/mL,3µM,1.5 µg/mL,8.25nM,500 nM,,,Yes,U2OS-Monoclonal-1,1935,Widefield,1,2x2,Quantitative,JUMP-MOA,48,,https://github.com/jump-cellpainting/pilot-data-public/tree/main/profiles/2020_10_02_RestainedCell1,
Cell1,BR00117092,CellCarrierUltra 384,,BR00117092,1µg/mL,100µg/mL,3µM,1.5 µg/mL,8.25nM,500 nM,,,Yes,U2OS-Monoclonal-1,2365,Widefield,1,2x2,Quantitative,JUMP-MOA,48,,https://github.com/jump-cellpainting/pilot-data-public/tree/main/profiles/2020_10_02_RestainedCell1,
Cell1,BR00117093,CellCarrierUltra 384,,BR00117093,1µg/mL,100µg/mL,3µM,1.5 µg/mL,8.25nM,500 nM,,,Yes,U2OS,1350,Widefield,1,2x2,Quantitative,JUMP-MOA,48,,https://github.com/jump-cellpainting/pilot-data-public/tree/main/profiles/2020_10_02_RestainedCell1,
Cell1,BR00117094,CellCarrierUltra 384,,BR00117094,1µg/mL,100µg/mL,3µM,1.5 µg/mL,8.25nM,500 nM,,,Yes,U2OS,1350,Widefield,1,2x2,Quantitative,JUMP-MOA,48,,https://github.com/jump-cellpainting/pilot-data-public/tree/main/profiles/2020_10_02_RestainedCell1,
Cell1,BR00117095,CellCarrierUltra 384,,BR00117095,1µg/mL,100µg/mL,3µM,1.5 µg/mL,8.25nM,500 nM,,,Yes,U2OS,1350,Widefield,1,2x2,Quantitative,JUMP-MOA,48,,https://github.com/jump-cellpainting/pilot-data-public/tree/main/profiles/2020_10_20_Cell1_restainedReimaged,
Cell1,BR00117096,CellCarrierUltra 384,,BR00117096,1µg/mL,100µg/mL,3µM,1.5 µg/mL,8.25nM,500 nM,,,Yes,U2OS,1650,Widefield,1,2x2,Quantitative,JUMP-MOA,48,,https://github.com/jump-cellpainting/pilot-data-public/tree/main/profiles/2020_10_20_Cell1_restainedReimaged,
Cell1,BR00117097,CellCarrierUltra 384,,BR00117097,1µg/mL,100µg/mL,3µM,1.5 µg/mL,8.25nM,500 nM,,,Yes,A549-Polyclonal,765,Widefield,1,2x2,Quantitative,JUMP-MOA,48,,https://github.com/jump-cellpainting/pilot-data-public/tree/main/profiles/2020_10_02_RestainedCell1,
Cell1,BR00117098,CellCarrierUltra 384,,BR00117098,1µg/mL,100µg/mL,3µM,1.5 µg/mL,8.25nM,500 nM,,,Yes,A549-Polyclonal,935,Widefield,1,2x2,Quantitative,JUMP-MOA,48,,https://github.com/jump-cellpainting/pilot-data-public/tree/main/profiles/2020_10_02_RestainedCell1,
Cell1,BR00117099,CellCarrierUltra 384,,BR00117099,1µg/mL,100µg/mL,3µM,1.5 µg/mL,8.25nM,500 nM,,,Yes,A549-Monoclonal-1,1430,Widefield,1,2x2,Quantitative,JUMP-MOA,48,,https://github.com/jump-cellpainting/pilot-data-public/tree/main/profiles/2020_10_02_RestainedCell1,
Cell1,BR00117100,CellCarrierUltra 384,,BR00117100,1µg/mL,100µg/mL,3µM,1.5 µg/mL,8.25nM,500 nM,,,Yes,A549-Monoclonal-1,1170,Widefield,1,2x2,Quantitative,JUMP-MOA,48,,https://github.com/jump-cellpainting/pilot-data-public/tree/main/profiles/2020_10_02_RestainedCell1,
Cell1,BR00117101,CellCarrierUltra 384,,BR00117101,1µg/mL,100µg/mL,3µM,1.5 µg/mL,8.25nM,500 nM,,,Yes,A549-Monoclonal-2,1100,Widefield,1,2x2,Quantitative,JUMP-MOA,48,,https://github.com/jump-cellpainting/pilot-data-public/tree/main/profiles/2020_10_02_RestainedCell1,
Cell1,BR00117104,CellCarrierUltra 384,,BR00117104,1µg/mL,100µg/mL,3µM,1.5 µg/mL,8.25nM,500 nM,,,Yes,A549-Monoclonal-2,900,Widefield,1,2x2,Quantitative,JUMP-MOA,48,,https://github.com/jump-cellpainting/pilot-data-public/tree/main/profiles/2020_10_02_RestainedCell1,
Cell1,BR00117105,CellCarrierUltra 384,,BR00117105,1µg/mL,100µg/mL,3µM,1.5 µg/mL,8.25nM,500 nM,,,Yes,A549,630,Widefield,1,2x2,Quantitative,JUMP-MOA,48,,https://github.com/jump-cellpainting/pilot-data-public/tree/main/profiles/2020_10_02_RestainedCell1,
Cell1,BR00117106,CellCarrierUltra 384,,BR00117106,1µg/mL,100µg/mL,3µM,1.5 µg/mL,8.25nM,500 nM,,,Yes,A549,630,Widefield,1,2x2,Quantitative,JUMP-MOA,48,,https://github.com/jump-cellpainting/pilot-data-public/tree/main/profiles/2020_10_02_RestainedCell1,
Cell1,BR00117107,CellCarrierUltra 384,,BR00117107,1µg/mL,100µg/mL,3µM,1.5 µg/mL,8.25nM,500 nM,,,Yes,A549,630,Widefield,1,2x2,Quantitative,JUMP-MOA,48,,https://github.com/jump-cellpainting/pilot-data-public/tree/main/profiles/2020_10_02_RestainedCell1,
Cell1,BR00117108,CellCarrierUltra 384,,BR00117108,1µg/mL,100µg/mL,3µM,1.5 µg/mL,8.25nM,500 nM,,,Yes,A549,770,Widefield,1,2x2,Quantitative,JUMP-MOA,48,,https://github.com/jump-cellpainting/pilot-data-public/tree/main/profiles/2020_10_02_RestainedCell1,
Cell1,BR00117109,CellCarrierUltra 384,,BR00117109,1µg/mL,100µg/mL,3µM,1.5 µg/mL,8.25nM,500 nM,,,Yes,A549-Monoclonal-3,990,Widefield,1,2x2,Quantitative,JUMP-MOA,48,,https://github.com/jump-cellpainting/pilot-data-public/tree/main/profiles/2020_10_02_RestainedCell1,
Cell1,BR00117110,CellCarrierUltra 384,,BR00117110,1µg/mL,100µg/mL,3µM,1.5 µg/mL,8.25nM,500 nM,,,Yes,A549-Monoclonal-3,810,Widefield,1,2x2,Quantitative,JUMP-MOA,48,,https://github.com/jump-cellpainting/pilot-data-public/tree/main/profiles/2020_10_02_RestainedCell1,
Cell1,BR00117095-Bin1scales,CellCarrierUltra 384,,BR00117095,1µg/mL,100µg/mL,3µM,1.5 µg/mL,8.25nM,500 nM,,"Use a slightly different set of measurement scales for some measurements, matching the Bin1 measurement scales",Yes,U2OS,1650,Widefield,1,2x2,Quantitative,JUMP-MOA,48,,https://github.com/jump-cellpainting/pilot-data-public/tree/main/profiles/2020_10_20_Cell1_restainedReimaged_Bin1Pipeline,
Cell1,BR00117096-Bin1scales,CellCarrierUltra 384,,BR00117096,1µg/mL,100µg/mL,3µM,1.5 µg/mL,8.25nM,500 nM,,"Use a slightly different set of measurement scales for some measurements, matching the Bin1 measurement scales",Yes,U2OS,1650,Widefield,1,2x2,Quantitative,JUMP-MOA,48,,https://github.com/jump-cellpainting/pilot-data-public/tree/main/profiles/2020_10_20_Cell1_restainedReimaged_Bin1Pipeline,
JUMP1,BR00116991,CellCarrierUltra 384,,BR00116991,1µg/mL,100µg/mL,3µM,1.94 µg/mL,8.25nM,500 nM,,,Yes,A549,,Widefield,1,2x2,Quantitative,JUMP-Target1,24,,https://github.com/jump-cellpainting/pilot-cpjump1-data/tree/main/profiles/2020_11_04_CPJUMP1,Accidental increase in WGA concentration; subsampled profiles available at https://github.com/jump-cellpainting/pilot-cpjump1-data/tree/main/profiles/2020_11_04_CPJUMP1_diff_FOV
JUMP1,BR00116992,CellCarrierUltra 384,,BR00116992,1µg/mL,100µg/mL,3µM,1.94 µg/mL,8.25nM,500 nM,,,Yes,A549,,Widefield,1,2x2,Quantitative,JUMP-Target1,24,,https://github.com/jump-cellpainting/pilot-cpjump1-data/tree/main/profiles/2020_11_04_CPJUMP1,"Accidental increase in WGA concentration; tips of liquid handler were not switched between plate BR00116991 and this plate before supernatant collection. No effect on cell painting, possible effect on other data associated with this plate; subsampled profiles available at https://github.com/jump-cellpainting/pilot-cpjump1-data/tree/main/profiles/2020_11_04_CPJUMP1_diff_FOV"
JUMP1,BR00116993,CellCarrierUltra 384,,BR00116993,1µg/mL,100µg/mL,3µM,1.94 µg/mL,8.25nM,500 nM,,,Yes,A549,,Widefield,1,2x2,Quantitative,JUMP-Target1,24,,https://github.com/jump-cellpainting/pilot-cpjump1-data/tree/main/profiles/2020_11_04_CPJUMP1,Possible focus issues; Accidental increase in WGA concentration; subsampled profiles available at https://github.com/jump-cellpainting/pilot-cpjump1-data/tree/main/profiles/2020_11_04_CPJUMP1_diff_FOV
JUMP1,BR00116994,CellCarrierUltra 384,,BR00116994,1µg/mL,100µg/mL,3µM,1.94 µg/mL,8.25nM,500 nM,,,Yes,A549,,Widefield,1,2x2,Quantitative,JUMP-Target1,24,,https://github.com/jump-cellpainting/pilot-cpjump1-data/tree/main/profiles/2020_11_04_CPJUMP1,Accidental increase in WGA concentration; subsampled profiles available at https://github.com/jump-cellpainting/pilot-cpjump1-data/tree/main/profiles/2020_11_04_CPJUMP1_diff_FOV
JUMP1,BR00116995,CellCarrierUltra 384,,BR00116995,1µg/mL,100µg/mL,3µM,1.94 µg/mL,8.25nM,500 nM,,,Yes,U2OS,,Widefield,1,2x2,Quantitative,JUMP-Target1,24,,https://github.com/jump-cellpainting/pilot-cpjump1-data/tree/main/profiles/2020_11_04_CPJUMP1,Possible loss of cells; Accidental increase in WGA concentration
JUMP1,BR00116996,CellCarrierUltra 384,,BR00116996,1µg/mL,100µg/mL,3µM,1.94 µg/mL,8.25nM,500 nM,,,Yes,U2OS-Polyclonal,125,Widefield,1,2x2,Quantitative,JUMP-Target-CRISPR,144,,https://github.com/jump-cellpainting/pilot-cpjump1-data/tree/main/profiles/2020_11_04_CPJUMP1,Possible drift issues; Accidental increase in WGA concentration
JUMP1,BR00116997,CellCarrierUltra 384,,BR00116997,1µg/mL,100µg/mL,3µM,1.94 µg/mL,8.25nM,500 nM,,,Yes,U2OS-Polyclonal,125,Widefield,1,2x2,Quantitative,JUMP-Target-CRISPR,144,,https://github.com/jump-cellpainting/pilot-cpjump1-data/tree/main/profiles/2020_11_04_CPJUMP1,Accidental increase in WGA concentration
JUMP1,BR00116998,CellCarrierUltra 384,,BR00116998,1µg/mL,100µg/mL,3µM,1.94 µg/mL,8.25nM,500 nM,,,Yes,U2OS-Polyclonal,125,Widefield,1,2x2,Quantitative,JUMP-Target-CRISPR,144,,https://github.com/jump-cellpainting/pilot-cpjump1-data/tree/main/profiles/2020_11_04_CPJUMP1,Accidental increase in WGA concentration
JUMP1,BR00116999,CellCarrierUltra 384,,BR00116999,1µg/mL,100µg/mL,3µM,1.94 µg/mL,8.25nM,500 nM,,,Yes,U2OS-Polyclonal,125,Widefield,1,2x2,Quantitative,JUMP-Target-CRISPR,144,,https://github.com/jump-cellpainting/pilot-cpjump1-data/tree/main/profiles/2020_11_04_CPJUMP1,Accidental increase in WGA concentration
JUMP1,BR00117000,CellCarrierUltra 384,,BR00117000,1µg/mL,100µg/mL,3µM,1.5 µg/mL,8.25nM,500 nM,,,Yes,A549-Polyclonal,,Widefield,1,2x2,Quantitative,JUMP-Target-CRISPR,144,,https://github.com/jump-cellpainting/pilot-cpjump1-data/tree/main/profiles/2020_11_04_CPJUMP1,
JUMP1,BR00117003,CellCarrierUltra 384,,BR00117003,1µg/mL,100µg/mL,3µM,1.5 µg/mL,8.25nM,500 nM,,,Yes,A549-Polyclonal,,Widefield,1,2x2,Quantitative,JUMP-Target-CRISPR,144,,https://github.com/jump-cellpainting/pilot-cpjump1-data/tree/main/profiles/2020_11_04_CPJUMP1,
JUMP1,BR00117004,CellCarrierUltra 384,,BR00117004,1µg/mL,100µg/mL,3µM,1.5 µg/mL,8.25nM,500 nM,,,Yes,A549-Polyclonal,,Widefield,1,2x2,Quantitative,JUMP-Target-CRISPR,144,,https://github.com/jump-cellpainting/pilot-cpjump1-data/tree/main/profiles/2020_11_04_CPJUMP1,
JUMP1,BR00117005,CellCarrierUltra 384,,BR00117005,1µg/mL,100µg/mL,3µM,1.5 µg/mL,8.25nM,500 nM,,,Yes,A549-Polyclonal,,Widefield,1,2x2,Quantitative,JUMP-Target-CRISPR,144,,https://github.com/jump-cellpainting/pilot-cpjump1-data/tree/main/profiles/2020_11_04_CPJUMP1,
JUMP1,BR00117006,CellCarrierUltra 384,,BR00117006,1µg/mL,100µg/mL,3µM,1.5 µg/mL,8.25nM,500 nM,,,Yes,A549,,Widefield,1,2x2,Quantitative,JUMP-Target-ORF,96,,https://github.com/jump-cellpainting/pilot-cpjump1-data/tree/main/profiles/2020_11_04_CPJUMP1,Accidental increase in Phalloidin concentration
JUMP1,BR00117008,CellCarrierUltra 384,,BR00117008,1µg/mL,100µg/mL,3µM,1.5 µg/mL,8.25nM,500 nM,,,Yes,A549,-20%,Widefield,1,2x2,Quantitative,JUMP-Target1,48,,https://github.com/jump-cellpainting/pilot-cpjump1-data/tree/main/profiles/2020_11_04_CPJUMP1,
JUMP1,BR00117009,CellCarrierUltra 384,,BR00117009,1µg/mL,100µg/mL,3µM,1.5 µg/mL,8.25nM,500 nM,,,Yes,A549,-20%,Widefield,1,2x2,Quantitative,JUMP-Target1,48,,https://github.com/jump-cellpainting/pilot-cpjump1-data/tree/main/profiles/2020_11_04_CPJUMP1,
JUMP1,BR00117010,CellCarrierUltra 384,,BR00117010,1µg/mL,100µg/mL,3µM,1.5 µg/mL,8.25nM,500 nM*,,,Yes,U2OS,1500,Widefield,1,2x2,Quantitative,JUMP-Target1,48,,https://github.com/jump-cellpainting/pilot-cpjump1-data/tree/main/profiles/2020_11_04_CPJUMP1,Possible that this plate had 40 minutes of MitoTracker staining instead of 30 for odd rows in columns 1-10
JUMP1,BR00117011,CellCarrierUltra 384,,BR00117011,1µg/mL,100µg/mL,3µM,1.5 µg/mL,8.25nM,500 nM,,,Yes,U2OS,1500,Widefield,1,2x2,Quantitative,JUMP-Target1,48,,https://github.com/jump-cellpainting/pilot-cpjump1-data/tree/main/profiles/2020_11_04_CPJUMP1,
JUMP1,BR00117012,CellCarrierUltra 384,,BR00117012,1µg/mL,100µg/mL,3µM,1.5 µg/mL,8.25nM,500 nM,,,Yes,U2OS,1500,Widefield,1,2x2,Quantitative,JUMP-Target1,48,,https://github.com/jump-cellpainting/pilot-cpjump1-data/tree/main/profiles/2020_11_04_CPJUMP1,
JUMP1,BR00117013,CellCarrierUltra 384,,BR00117013,1µg/mL,100µg/mL,3µM,1.5 µg/mL,8.25nM,500 nM*,,,Yes,U2OS,1500,Widefield,1,2x2,Quantitative,JUMP-Target1,48,,https://github.com/jump-cellpainting/pilot-cpjump1-data/tree/main/profiles/2020_11_04_CPJUMP1,Possible that this plate had 40 minutes of MitoTracker staining instead of 30 for odd rows in columns 1-10
JUMP1,BR00117020,CellCarrierUltra 384,,BR00117020,1µg/mL,100µg/mL,3µM,1.5 µg/mL,8.25nM,500 nM,,,Yes,A549,,Widefield,1,2x2,Quantitative,JUMP-Target-ORF,48,,https://github.com/jump-cellpainting/pilot-cpjump1-data/tree/main/profiles/2020_11_04_CPJUMP1,
JUMP1,BR00117021,CellCarrierUltra 384,,BR00117021,1µg/mL,100µg/mL,3µM,1.5 µg/mL,8.25nM,500 nM,,,Yes,A549,,Widefield,1,2x2,Quantitative,JUMP-Target-ORF,48,,https://github.com/jump-cellpainting/pilot-cpjump1-data/tree/main/profiles/2020_11_04_CPJUMP1,
JUMP1,BR00117022,CellCarrierUltra 384,,BR00117022,1µg/mL,100µg/mL,3µM,1.5 µg/mL,8.25nM,500 nM,,,Yes,U2OS,1500,Widefield,1,2x2,Quantitative,JUMP-Target-ORF,48,,https://github.com/jump-cellpainting/pilot-cpjump1-data/tree/main/profiles/2020_11_04_CPJUMP1,
JUMP1,BR00117023,CellCarrierUltra 384,,BR00117023,1µg/mL,100µg/mL,3µM,1.5 µg/mL,8.25nM,500 nM,,,Yes,U2OS,1500,Widefield,1,2x2,Quantitative,JUMP-Target-ORF,48,,https://github.com/jump-cellpainting/pilot-cpjump1-data/tree/main/profiles/2020_11_04_CPJUMP1,
JUMP1,BR00117024,CellCarrierUltra 384,,BR00117024,1µg/mL,100µg/mL,3µM,1.94 µg/mL,8.25nM,500 nM,,,Yes,U2OS,,Widefield,1,2x2,Quantitative,JUMP-Target1,24,,https://github.com/jump-cellpainting/pilot-cpjump1-data/tree/main/profiles/2020_11_04_CPJUMP1,Accidental increase in WGA concentration
JUMP1,BR00117025,CellCarrierUltra 384,,BR00117025,1µg/mL,100µg/mL,3µM,1.94 µg/mL,8.25nM,500 nM,,,Yes,U2OS,,Widefield,1,2x2,Quantitative,JUMP-Target1,24,,https://github.com/jump-cellpainting/pilot-cpjump1-data/tree/main/profiles/2020_11_04_CPJUMP1,Accidental increase in WGA concentration
JUMP1,BR00117026,CellCarrierUltra 384,,BR00117026,1µg/mL,100µg/mL,3µM,1.94 µg/mL,8.25nM,500 nM,,,Yes,U2OS,,Widefield,1,2x2,Quantitative,JUMP-Target1,24,,https://github.com/jump-cellpainting/pilot-cpjump1-data/tree/main/profiles/2020_11_04_CPJUMP1,Accidental increase in WGA concentration
JUMP1,BR00117050,CellCarrierUltra 384,,BR00117050,1µg/mL,100µg/mL,3µM,1.5 µg/mL,8.25nM,500 nM,,,Yes,A549-Polyclonal,,Widefield,1,2x2,Quantitative,JUMP-Target1,48,,https://github.com/jump-cellpainting/pilot-cpjump1-data/tree/main/profiles/2020_11_04_CPJUMP1,
JUMP1,BR00117051,CellCarrierUltra 384,,BR00117051,1µg/mL,100µg/mL,3µM,1.5 µg/mL,8.25nM,500 nM,,,Yes,A549-Polyclonal,,Widefield,1,2x2,Quantitative,JUMP-Target1,48,,https://github.com/jump-cellpainting/pilot-cpjump1-data/tree/main/profiles/2020_11_04_CPJUMP1,
JUMP1,BR00117052,CellCarrierUltra 384,,BR00117052,1µg/mL,100µg/mL,3µM,1.5 µg/mL,8.25nM,500 nM,,,Yes,A549-Polyclonal,,Widefield,1,2x2,Quantitative,JUMP-Target1,48,,https://github.com/jump-cellpainting/pilot-cpjump1-data/tree/main/profiles/2020_11_04_CPJUMP1,
JUMP1,BR00117053,CellCarrierUltra 384,,BR00117053,1µg/mL,100µg/mL,3µM,1.5 µg/mL,8.25nM,500 nM,,,Yes,A549-Polyclonal,,Widefield,1,2x2,Quantitative,JUMP-Target1,48,,https://github.com/jump-cellpainting/pilot-cpjump1-data/tree/main/profiles/2020_11_04_CPJUMP1,
JUMP1,BR00117054,CellCarrierUltra 384,,BR00117054,1µg/mL,100µg/mL,3µM,1.5 µg/mL,8.25nM,500 nM,,,Yes,A549,+20%,Widefield,1,2x2,Quantitative,JUMP-Target1,48,,https://github.com/jump-cellpainting/pilot-cpjump1-data/tree/main/profiles/2020_11_04_CPJUMP1,
JUMP1,BR00117055,CellCarrierUltra 384,,BR00117055,1µg/mL,100µg/mL,3µM,1.5 µg/mL,8.25nM,500 nM,,,Yes,A549,20%,Widefield,1,2x2,Quantitative,JUMP-Target1,48,,https://github.com/jump-cellpainting/pilot-cpjump1-data/tree/main/profiles/2020_11_04_CPJUMP1,
JUMP1,BR00118039,CellCarrierUltra 384,,BR00118039,1µg/mL,100µg/mL,3µM,1.5 µg/mL,10.77nM,500 nM,,,Yes,U2OS,285,Widefield,1,2x2,Quantitative,JUMP-Target-ORF,96,,https://github.com/jump-cellpainting/pilot-cpjump1-data/tree/main/profiles/2020_11_04_CPJUMP1,Accidental increase in Phalloidin concentration
JUMP1,BR00118040,CellCarrierUltra 384,,BR00118040,1µg/mL,100µg/mL,3µM,1.5 µg/mL,10.77nM,500 nM,,,Yes,U2OS,285,Widefield,1,2x2,Quantitative,JUMP-Target-ORF,96,,https://github.com/jump-cellpainting/pilot-cpjump1-data/tree/main/profiles/2020_11_04_CPJUMP1,Accidental increase in Phalloidin concentration
JUMP1,BR00118041,CellCarrierUltra 384,,BR00118041,1µg/mL,100µg/mL,3µM,1.5 µg/mL,10.77nM,500 nM,,,Yes,U2OS-Polyclonal,300,Widefield,1,2x2,Quantitative,JUMP-Target-CRISPR,96,,https://github.com/jump-cellpainting/pilot-cpjump1-data/tree/main/profiles/2020_11_04_CPJUMP1,Accidental increase in Phalloidin concentration
JUMP1,BR00118042,CellCarrierUltra 384,,BR00118042,1µg/mL,100µg/mL,3µM,1.5 µg/mL,10.77nM,500 nM,,,Yes,U2OS-Polyclonal,300,Widefield,1,2x2,Quantitative,JUMP-Target-CRISPR,96,,https://github.com/jump-cellpainting/pilot-cpjump1-data/tree/main/profiles/2020_11_04_CPJUMP1,Accidental increase in Phalloidin concentration
JUMP1,BR00118043,CellCarrierUltra 384,,BR00118043,1µg/mL,100µg/mL,3µM,1.5 µg/mL,10.77nM,500 nM,,,Yes,U2OS-Polyclonal,300,Widefield,1,2x2,Quantitative,JUMP-Target-CRISPR,96,,https://github.com/jump-cellpainting/pilot-cpjump1-data/tree/main/profiles/2020_11_04_CPJUMP1,Accidental increase in Phalloidin concentration
JUMP1,BR00118044,CellCarrierUltra 384,,BR00118044,1µg/mL,100µg/mL,3µM,1.5 µg/mL,10.77nM,500 nM,,,Yes,U2OS-Polyclonal,300,Widefield,1,2x2,Quantitative,JUMP-Target-CRISPR,96,,https://github.com/jump-cellpainting/pilot-cpjump1-data/tree/main/profiles/2020_11_04_CPJUMP1,Accidental increase in Phalloidin concentration
JUMP1,BR00118045,CellCarrierUltra 384,,BR00118045,1µg/mL,100µg/mL,3µM,1.5 µg/mL,10.77nM,500 nM,,,Yes,A549-Polyclonal,,Widefield,1,2x2,Quantitative,JUMP-Target-CRISPR,96,,https://github.com/jump-cellpainting/pilot-cpjump1-data/tree/main/profiles/2020_11_04_CPJUMP1,Accidental increase in Phalloidin concentration
JUMP1,BR00118046,CellCarrierUltra 384,,BR00118046,1µg/mL,100µg/mL,3µM,1.5 µg/mL,10.77nM,500 nM,,,Yes,A549-Polyclonal,,Widefield,1,2x2,Quantitative,JUMP-Target-CRISPR,96,,https://github.com/jump-cellpainting/pilot-cpjump1-data/tree/main/profiles/2020_11_04_CPJUMP1,Accidental increase in Phalloidin concentration
JUMP1,BR00118047,CellCarrierUltra 384,,BR00118047,1µg/mL,100µg/mL,3µM,1.5 µg/mL,10.77nM,500 nM,,,Yes,A549-Polyclonal,,Widefield,1,2x2,Quantitative,JUMP-Target-CRISPR,96,,https://github.com/jump-cellpainting/pilot-cpjump1-data/tree/main/profiles/2020_11_04_CPJUMP1,Accidental increase in Phalloidin concentration
JUMP1,BR00118048,CellCarrierUltra 384,,BR00118048,1µg/mL,100µg/mL,3µM,1.5 µg/mL,10.77nM,500 nM,,,Yes,A549-Polyclonal,,Widefield,1,2x2,Quantitative,JUMP-Target-CRISPR,96,,https://github.com/jump-cellpainting/pilot-cpjump1-data/tree/main/profiles/2020_11_04_CPJUMP1,Accidental increase in Phalloidin concentration
JUMP1,BR00118050,CellCarrierUltra 384,,BR00118050,1µg/mL,100µg/mL,3µM,1.5 µg/mL,10.77nM,500 nM,,,Yes,A549,,Widefield,1,2x2,Quantitative,JUMP-Target-ORF,96,,https://github.com/jump-cellpainting/pilot-cpjump1-data/tree/main/profiles/2020_11_04_CPJUMP1,Accidental increase in Phalloidin concentration
JUMP1-Bleaching,BR00116991A,CellCarrierUltra 384,,BR00116991A,1µg/mL,100µg/mL,3µM,1.94 µg/mL,8.25nM,500 nM,,Testing bleaching - 2nd imaging,Yes,A549,,Widefield,1,2x2,Quantitative,JUMP-Target1,24,,https://github.com/jump-cellpainting/pilot-cpjump1-data/tree/main/profiles/2020_12_08_CPJUMP1_Bleaching,Accidental increase in WGA concentration
JUMP1-Bleaching,BR00116991B,CellCarrierUltra 384,,BR00116991B,1µg/mL,100µg/mL,3µM,1.94 µg/mL,8.25nM,500 nM,,Testing bleaching - 3rd imaging,Yes,A549,,Widefield,1,2x2,Quantitative,JUMP-Target1,24,,https://github.com/jump-cellpainting/pilot-cpjump1-data/tree/main/profiles/2020_12_08_CPJUMP1_Bleaching,Accidental increase in WGA concentration
JUMP1-Bleaching,BR00116991C,CellCarrierUltra 384,,BR00116991C,1µg/mL,100µg/mL,3µM,1.94 µg/mL,8.25nM,500 nM,,Testing bleaching - 4th imaging,Yes,A549,,Widefield,1,2x2,Quantitative,JUMP-Target1,24,,https://github.com/jump-cellpainting/pilot-cpjump1-data/tree/main/profiles/2020_12_08_CPJUMP1_Bleaching,Accidental increase in WGA concentration
JUMP1-Bleaching,BR00116991D,CellCarrierUltra 384,,BR00116991D,1µg/mL,100µg/mL,3µM,1.94 µg/mL,8.25nM,500 nM,,Testing bleaching - 5th imaging,Yes,A549,,Widefield,1,2x2,Quantitative,JUMP-Target1,24,,https://github.com/jump-cellpainting/pilot-cpjump1-data/tree/main/profiles/2020_12_08_CPJUMP1_Bleaching,Accidental increase in WGA concentration
JUMP1-Bleaching,BR00116991E,CellCarrierUltra 384,,BR00116991E,1µg/mL,100µg/mL,3µM,1.94 µg/mL,8.25nM,500 nM,,Testing bleaching - 6th imaging,Yes,A549,,Widefield,1,2x2,Quantitative,JUMP-Target1,24,,https://github.com/jump-cellpainting/pilot-cpjump1-data/tree/main/profiles/2020_12_08_CPJUMP1_Bleaching,Accidental increase in WGA concentration
JUMP1-Bleaching,BR00116991F,CellCarrierUltra 384,,BR00116991F,1µg/mL,100µg/mL,3µM,1.94 µg/mL,8.25nM,500 nM,,Testing bleaching - 7th imaging,Yes,A549,,Widefield,1,2x2,Quantitative,JUMP-Target1,24,,https://github.com/jump-cellpainting/pilot-cpjump1-data/tree/main/profiles/2020_12_08_CPJUMP1_Bleaching,Accidental increase in WGA concentration
JUMP1-Bleaching,BR00116992A,CellCarrierUltra 384,,BR00116992A,1µg/mL,100µg/mL,3µM,1.94 µg/mL,8.25nM,500 nM,,Testing bleaching - 2nd imaging,Yes,A549,,Widefield,1,2x2,Quantitative,JUMP-Target1,24,,https://github.com/jump-cellpainting/pilot-cpjump1-data/tree/main/profiles/2020_12_08_CPJUMP1_Bleaching,
JUMP1-Bleaching,BR00116992B,CellCarrierUltra 384,,BR00116992B,1µg/mL,100µg/mL,3µM,1.94 µg/mL,8.25nM,500 nM,,Testing bleaching - 3rd imaging,Yes,A549,,Widefield,1,2x2,Quantitative,JUMP-Target1,24,,https://github.com/jump-cellpainting/pilot-cpjump1-data/tree/main/profiles/2020_12_08_CPJUMP1_Bleaching,
JUMP1-Bleaching,BR00116992C,CellCarrierUltra 384,,BR00116992C,1µg/mL,100µg/mL,3µM,1.94 µg/mL,8.25nM,500 nM,,Testing bleaching - 4th imaging,Yes,A549,,Widefield,1,2x2,Quantitative,JUMP-Target1,24,,https://github.com/jump-cellpainting/pilot-cpjump1-data/tree/main/profiles/2020_12_08_CPJUMP1_Bleaching,
JUMP1-Bleaching,BR00116992D,CellCarrierUltra 384,,BR00116992D,1µg/mL,100µg/mL,3µM,1.94 µg/mL,8.25nM,500 nM,,Testing bleaching - 5th imaging,Yes,A549,,Widefield,1,2x2,Quantitative,JUMP-Target1,24,,https://github.com/jump-cellpainting/pilot-cpjump1-data/tree/main/profiles/2020_12_08_CPJUMP1_Bleaching,
JUMP1-Bleaching,BR00116992E,CellCarrierUltra 384,,BR00116992E,1µg/mL,100µg/mL,3µM,1.94 µg/mL,8.25nM,500 nM,,Testing bleaching - 6th imaging,Yes,A549,,Widefield,1,2x2,Quantitative,JUMP-Target1,24,,https://github.com/jump-cellpainting/pilot-cpjump1-data/tree/main/profiles/2020_12_08_CPJUMP1_Bleaching,
JUMP1-Bleaching,BR00116992F,CellCarrierUltra 384,,BR00116992F,1µg/mL,100µg/mL,3µM,1.94 µg/mL,8.25nM,500 nM,,Testing bleaching - 7th imaging,Yes,A549,,Widefield,1,2x2,Quantitative,JUMP-Target1,24,,https://github.com/jump-cellpainting/pilot-cpjump1-data/tree/main/profiles/2020_12_08_CPJUMP1_Bleaching,
JUMP1-Bleaching,BR00116993A,CellCarrierUltra 384,,BR00116993A,1µg/mL,100µg/mL,3µM,1.94 µg/mL,8.25nM,500 nM,,Testing bleaching - 2nd imaging,Yes,A549,,Widefield,1,2x2,Quantitative,JUMP-Target1,24,,https://github.com/jump-cellpainting/pilot-cpjump1-data/tree/main/profiles/2020_12_08_CPJUMP1_Bleaching,Accidental increase in WGA concentration
JUMP1-Bleaching,BR00116993B,CellCarrierUltra 384,,BR00116993B,1µg/mL,100µg/mL,3µM,1.94 µg/mL,8.25nM,500 nM,,Testing bleaching - 3rd imaging,Yes,A549,,Widefield,1,2x2,Quantitative,JUMP-Target1,24,,https://github.com/jump-cellpainting/pilot-cpjump1-data/tree/main/profiles/2020_12_08_CPJUMP1_Bleaching,Accidental increase in WGA concentration
JUMP1-Bleaching,BR00116993C,CellCarrierUltra 384,,BR00116993C,1µg/mL,100µg/mL,3µM,1.94 µg/mL,8.25nM,500 nM,,Testing bleaching - 4th imaging,Yes,A549,,Widefield,1,2x2,Quantitative,JUMP-Target1,24,,https://github.com/jump-cellpainting/pilot-cpjump1-data/tree/main/profiles/2020_12_08_CPJUMP1_Bleaching,Accidental increase in WGA concentration
JUMP1-Bleaching,BR00116993D,CellCarrierUltra 384,,BR00116993D,1µg/mL,100µg/mL,3µM,1.94 µg/mL,8.25nM,500 nM,,Testing bleaching - 5th imaging,Yes,A549,,Widefield,1,2x2,Quantitative,JUMP-Target1,24,,https://github.com/jump-cellpainting/pilot-cpjump1-data/tree/main/profiles/2020_12_08_CPJUMP1_Bleaching,Accidental increase in WGA concentration
JUMP1-Bleaching,BR00116993E,CellCarrierUltra 384,,BR00116993E,1µg/mL,100µg/mL,3µM,1.94 µg/mL,8.25nM,500 nM,,Testing bleaching - 6th imaging,Yes,A549,,Widefield,1,2x2,Quantitative,JUMP-Target1,24,,https://github.com/jump-cellpainting/pilot-cpjump1-data/tree/main/profiles/2020_12_08_CPJUMP1_Bleaching,Accidental increase in WGA concentration
JUMP1-Bleaching,BR00116993F,CellCarrierUltra 384,,BR00116993F,1µg/mL,100µg/mL,3µM,1.94 µg/mL,8.25nM,500 nM,,Testing bleaching - 7th imaging,Yes,A549,,Widefield,1,2x2,Quantitative,JUMP-Target1,24,,https://github.com/jump-cellpainting/pilot-cpjump1-data/tree/main/profiles/2020_12_08_CPJUMP1_Bleaching,Accidental increase in WGA concentration
JUMP1-Bleaching,BR00116994A,CellCarrierUltra 384,,BR00116994A,1µg/mL,100µg/mL,3µM,1.94 µg/mL,8.25nM,500 nM,,Testing bleaching - 2nd imaging,Yes,A549,,Widefield,1,2x2,Quantitative,JUMP-Target1,24,,https://github.com/jump-cellpainting/pilot-cpjump1-data/tree/main/profiles/2020_12_08_CPJUMP1_Bleaching,Accidental increase in WGA concentration
JUMP1-Bleaching,BR00116994B,CellCarrierUltra 384,,BR00116994B,1µg/mL,100µg/mL,3µM,1.94 µg/mL,8.25nM,500 nM,,Testing bleaching - 3rd imaging,Yes,A549,,Widefield,1,2x2,Quantitative,JUMP-Target1,24,,https://github.com/jump-cellpainting/pilot-cpjump1-data/tree/main/profiles/2020_12_08_CPJUMP1_Bleaching,Accidental increase in WGA concentration
JUMP1-Bleaching,BR00116994C,CellCarrierUltra 384,,BR00116994C,1µg/mL,100µg/mL,3µM,1.94 µg/mL,8.25nM,500 nM,,Testing bleaching - 4th imaging,Yes,A549,,Widefield,1,2x2,Quantitative,JUMP-Target1,24,,https://github.com/jump-cellpainting/pilot-cpjump1-data/tree/main/profiles/2020_12_08_CPJUMP1_Bleaching,Accidental increase in WGA concentration
JUMP1-Bleaching,BR00116994D,CellCarrierUltra 384,,BR00116994D,1µg/mL,100µg/mL,3µM,1.94 µg/mL,8.25nM,500 nM,,Testing bleaching - 5th imaging,Yes,A549,,Widefield,1,2x2,Quantitative,JUMP-Target1,24,,https://github.com/jump-cellpainting/pilot-cpjump1-data/tree/main/profiles/2020_12_08_CPJUMP1_Bleaching,Accidental increase in WGA concentration
JUMP1-Bleaching,BR00116994E,CellCarrierUltra 384,,BR00116994E,1µg/mL,100µg/mL,3µM,1.94 µg/mL,8.25nM,500 nM,,Testing bleaching - 6th imaging,Yes,A549,,Widefield,1,2x2,Quantitative,JUMP-Target1,24,,https://github.com/jump-cellpainting/pilot-cpjump1-data/tree/main/profiles/2020_12_08_CPJUMP1_Bleaching,Accidental increase in WGA concentration
JUMP1-Bleaching,BR00116994F,CellCarrierUltra 384,,BR00116994F,1µg/mL,100µg/mL,3µM,1.94 µg/mL,8.25nM,500 nM,,Testing bleaching - 7th imaging,Yes,A549,,Widefield,1,2x2,Quantitative,JUMP-Target1,24,,https://github.com/jump-cellpainting/pilot-cpjump1-data/tree/main/profiles/2020_12_08_CPJUMP1_Bleaching,Accidental increase in WGA concentration
JUMP1-FOV,BR00117015,CellCarrierUltra 384,,BR00117015,1µg/mL,100µg/mL,3µM,1.5 µg/mL,8.25nM,500 nM,,"In JUMP1-FOV, a larger number of sites (16) were initially imaged for these 4 plates; 3 subsamples each of these 16 sites were created for site counts 1-15",Yes,A549,,Widefield,1,2x2,Quantitative,JUMP-Target1,48,,https://github.com/jump-cellpainting/pilot-cpjump1-data/tree/main/profiles/2020_11_04_CPJUMP1_diff_FOV,Subsampled profiles available at https://github.com/jump-cellpainting/pilot-cpjump1-fov-data/tree/master/profiles
JUMP1-FOV,BR00117016,CellCarrierUltra 384,,BR00117016,1µg/mL,100µg/mL,3µM,1.5 µg/mL,8.25nM,500 nM,,"In JUMP1-FOV, a larger number of sites (16) were initially imaged for these 4 plates; 3 subsamples each of these 16 sites were created for site counts 1-15",Yes,A549,,Widefield,1,2x2,Quantitative,JUMP-Target1,48,,https://github.com/jump-cellpainting/pilot-cpjump1-data/tree/main/profiles/2020_11_04_CPJUMP1_diff_FOV,Subsampled profiles available at https://github.com/jump-cellpainting/pilot-cpjump1-fov-data/tree/master/profiles
JUMP1-FOV,BR00117017,CellCarrierUltra 384,,BR00117017,1µg/mL,100µg/mL,3µM,1.5 µg/mL,8.25nM,500 nM,,"In JUMP1-FOV, a larger number of sites (16) were initially imaged for these 4 plates; 3 subsamples each of these 16 sites were created for site counts 1-15",Yes,A549,,Widefield,1,2x2,Quantitative,JUMP-Target1,48,,https://github.com/jump-cellpainting/pilot-cpjump1-data/tree/main/profiles/2020_11_04_CPJUMP1_diff_FOV,Subsampled profiles available at https://github.com/jump-cellpainting/pilot-cpjump1-fov-data/tree/master/profiles
JUMP1-FOV,BR00117019,CellCarrierUltra 384,,BR00117019,1µg/mL,100µg/mL,3µM,1.5 µg/mL,8.25nM,500 nM,,"In JUMP1-FOV, a larger number of sites (16) were initially imaged for these 4 plates; 3 subsamples each of these 16 sites were created for site counts 1-15",Yes,A549,,Widefield,1,2x2,Quantitative,JUMP-Target1,48,,https://github.com/jump-cellpainting/pilot-cpjump1-data/tree/main/profiles/2020_11_04_CPJUMP1_diff_FOV,Subsampled profiles available at https://github.com/jump-cellpainting/pilot-cpjump1-fov-data/tree/master/profiles
JUMP1-Selection,BR00117001,CellCarrierUltra 384,,BR00117001,1µg/mL,100µg/mL,3µM,1.5 µg/mL,8.25nM,500 nM,,0.75µg/mL Puromycin added,Yes,A549-Polyclonal,,Widefield,1,2x2,Quantitative,JUMP-Target-CRISPR,144,,https://github.com/jump-cellpainting/pilot-cpjump1-data/tree/main/profiles/2020_11_04_CPJUMP1,
JUMP1-Selection,BR00117002,CellCarrierUltra 384,,BR00117002,1µg/mL,100µg/mL,3µM,1.5 µg/mL,8.25nM,500 nM,,0.75µg/mL Puromycin added,Yes,A549-Polyclonal,,Widefield,1,2x2,Quantitative,JUMP-Target-CRISPR,144,,https://github.com/jump-cellpainting/pilot-cpjump1-data/tree/main/profiles/2020_11_04_CPJUMP1,
JUMP1-Selection,BR00118049,CellCarrierUltra 384,,BR00118049,1µg/mL,100µg/mL,3µM,1.5 µg/mL,10.77nM,500 nM,,16µg/mL Blasticidin added,Yes,A549,,Widefield,1,2x2,Quantitative,JUMP-Target-ORF,96,,https://github.com/jump-cellpainting/pilot-cpjump1-data/tree/main/profiles/2020_11_04_CPJUMP1,Accidental increase in Phalloidin concentration
JUMP1-Timing,Day1-BR00117006,CellCarrierUltra 384,,BR00117006,1µg/mL,100µg/mL,3µM,1.5 µg/mL,10.77nM,500 nM,,"2nd imaging of this plate (though not all rows), 1 day after staining",Yes,A549,,Widefield,1,2x2,Quantitative,JUMP-Target-ORF,96,,https://github.com/jump-cellpainting/pilot-cpjump1-data/tree/main/profiles/2020_11_18_CPJUMP1_TimepointDay1,Accidental increase in Phalloidin concentration
JUMP1-Timing,Day1-BR00117020,CellCarrierUltra 384,,BR00117020,1µg/mL,100µg/mL,3µM,1.5 µg/mL,8.25nM,500 nM,,"2nd imaging of this plate (though not all rows), 1 day after staining",Yes,A549,,Widefield,1,2x2,Quantitative,JUMP-Target-ORF,48,,https://github.com/jump-cellpainting/pilot-cpjump1-data/tree/main/profiles/2020_11_18_CPJUMP1_TimepointDay1,
JUMP1-Timing,Day1-BR00117021,CellCarrierUltra 384,,BR00117021,1µg/mL,100µg/mL,3µM,1.5 µg/mL,8.25nM,500 nM,,"2nd imaging of this plate (though not all rows), 1 day after staining",Yes,A549,,Widefield,1,2x2,Quantitative,JUMP-Target-ORF,48,,https://github.com/jump-cellpainting/pilot-cpjump1-data/tree/main/profiles/2020_11_18_CPJUMP1_TimepointDay1,
JUMP1-Timing,Day1-BR00117022,CellCarrierUltra 384,,BR00117022,1µg/mL,100µg/mL,3µM,1.5 µg/mL,8.25nM,500 nM,,"2nd imaging of this plate (though not all rows), 1 day after staining",Yes,U2OS,1500,Widefield,1,2x2,Quantitative,JUMP-Target-ORF,48,,https://github.com/jump-cellpainting/pilot-cpjump1-data/tree/main/profiles/2020_11_18_CPJUMP1_TimepointDay1,
JUMP1-Timing,Day1-BR00117023,CellCarrierUltra 384,,BR00117023,1µg/mL,100µg/mL,3µM,1.5 µg/mL,8.25nM,500 nM,,"2nd imaging of this plate (though not all rows), 1 day after staining",Yes,U2OS,1500,Widefield,1,2x2,Quantitative,JUMP-Target-ORF,48,,https://github.com/jump-cellpainting/pilot-cpjump1-data/tree/main/profiles/2020_11_18_CPJUMP1_TimepointDay1,
JUMP1-Timing,Day1-BR00118039,CellCarrierUltra 384,,BR00118039,1µg/mL,100µg/mL,3µM,1.5 µg/mL,10.77nM,500 nM,,"2nd imaging of this plate (though not all rows), 1 day after staining",Yes,U2OS,285,Widefield,1,2x2,Quantitative,JUMP-Target-ORF,96,,https://github.com/jump-cellpainting/pilot-cpjump1-data/tree/main/profiles/2020_11_18_CPJUMP1_TimepointDay1,Accidental increase in Phalloidin concentration
JUMP1-Timing,Day1-BR00118040,CellCarrierUltra 384,,BR00118040,1µg/mL,100µg/mL,3µM,1.5 µg/mL,10.77nM,500 nM,,"2nd imaging of this plate (though not all rows), 1 day after staining",Yes,U2OS,285,Widefield,1,2x2,Quantitative,JUMP-Target-ORF,96,,https://github.com/jump-cellpainting/pilot-cpjump1-data/tree/main/profiles/2020_11_18_CPJUMP1_TimepointDay1,Accidental increase in Phalloidin concentration
JUMP1-Timing,Day1-BR00118050,CellCarrierUltra 384,,BR00118050,1µg/mL,100µg/mL,3µM,1.5 µg/mL,10.77nM,500 nM,,"2nd imaging of this plate (though not all rows), 1 day after staining",Yes,A549,,Widefield,1,2x2,Quantitative,JUMP-Target-ORF,96,,https://github.com/jump-cellpainting/pilot-cpjump1-data/tree/main/profiles/2020_11_18_CPJUMP1_TimepointDay1,Accidental increase in Phalloidin concentration
JUMP1-Timing,Day4-BR00117006,CellCarrierUltra 384,,BR00117006,1µg/mL,100µg/mL,3µM,1.5 µg/mL,10.77nM,500 nM,,"3rd imaging of this plate (though not all rows), 4 days after staining",Yes,A549,,Widefield,1,2x2,Quantitative,JUMP-Target-ORF,96,,https://github.com/jump-cellpainting/pilot-cpjump1-data/tree/main/profiles/2020_11_19_TimepointDay4,Accidental increase in Phalloidin concentration
JUMP1-Timing,Day4-BR00117020,CellCarrierUltra 384,,BR00117020,1µg/mL,100µg/mL,3µM,1.5 µg/mL,8.25nM,500 nM,,"3rd imaging of this plate (though not all rows), 4 days after staining",Yes,A549,,Widefield,1,2x2,Quantitative,JUMP-Target-ORF,48,,https://github.com/jump-cellpainting/pilot-cpjump1-data/tree/main/profiles/2020_11_19_TimepointDay4,
JUMP1-Timing,Day4-BR00117021,CellCarrierUltra 384,,BR00117021,1µg/mL,100µg/mL,3µM,1.5 µg/mL,8.25nM,500 nM,,"3rd imaging of this plate (though not all rows), 4 days after staining",Yes,A549,,Widefield,1,2x2,Quantitative,JUMP-Target-ORF,48,,https://github.com/jump-cellpainting/pilot-cpjump1-data/tree/main/profiles/2020_11_19_TimepointDay4,
JUMP1-Timing,Day4-BR00117022,CellCarrierUltra 384,,BR00117022,1µg/mL,100µg/mL,3µM,1.5 µg/mL,8.25nM,500 nM,,"3rd imaging of this plate (though not all rows), 4 days after staining",Yes,U2OS,1500,Widefield,1,2x2,Quantitative,JUMP-Target-ORF,48,,https://github.com/jump-cellpainting/pilot-cpjump1-data/tree/main/profiles/2020_11_19_TimepointDay4,
JUMP1-Timing,Day4-BR00117023,CellCarrierUltra 384,,BR00117023,1µg/mL,100µg/mL,3µM,1.5 µg/mL,8.25nM,500 nM,,"3rd imaging of this plate (though not all rows), 4 days after staining",Yes,U2OS,1500,Widefield,1,2x2,Quantitative,JUMP-Target-ORF,48,,https://github.com/jump-cellpainting/pilot-cpjump1-data/tree/main/profiles/2020_11_19_TimepointDay4,
JUMP1-Timing,Day4-BR00118039,CellCarrierUltra 384,,BR00118039,1µg/mL,100µg/mL,3µM,1.5 µg/mL,10.77nM,500 nM,,"3rd imaging of this plate (though not all rows), 4 days after staining",Yes,U2OS,285,Widefield,1,2x2,Quantitative,JUMP-Target-ORF,96,,https://github.com/jump-cellpainting/pilot-cpjump1-data/tree/main/profiles/2020_11_19_TimepointDay4,Accidental increase in Phalloidin concentration
JUMP1-Timing,Day4-BR00118040,CellCarrierUltra 384,,BR00118040,1µg/mL,100µg/mL,3µM,1.5 µg/mL,10.77nM,500 nM,,"3rd imaging of this plate (though not all rows), 4 days after staining",Yes,U2OS,285,Widefield,1,2x2,Quantitative,JUMP-Target-ORF,96,,https://github.com/jump-cellpainting/pilot-cpjump1-data/tree/main/profiles/2020_11_19_TimepointDay4,Accidental increase in Phalloidin concentration
JUMP1-Timing,Day4-BR00118050,CellCarrierUltra 384,,BR00118050,1µg/mL,100µg/mL,3µM,1.5 µg/mL,10.77nM,500 nM,,"3rd imaging of this plate (though not all rows), 4 days after staining",Yes,A549,,Widefield,1,2x2,Quantitative,JUMP-Target-ORF,96,,https://github.com/jump-cellpainting/pilot-cpjump1-data/tree/main/profiles/2020_11_19_TimepointDay4,Accidental increase in Phalloidin concentration
JUMP1-Timing,Week2-BR00117006,CellCarrierUltra 384,,BR00117006,1µg/mL,100µg/mL,3µM,1.5 µg/mL,10.77nM,500 nM,,"4th imaging of this plate, 14 days after staining",Yes,A549,,Widefield,1,2x2,Quantitative,JUMP-Target-ORF,96,,https://github.com/jump-cellpainting/pilot-cpjump1-data/tree/main/profiles/2020_12_02_CPJUMP1_2WeeksTimePoint,Accidental increase in Phalloidin concentration
JUMP1-Timing,Week2-BR00117020,CellCarrierUltra 384,,BR00117020,1µg/mL,100µg/mL,3µM,1.5 µg/mL,8.25nM,500 nM,,"4th imaging of this plate, 14 days after staining",Yes,A549,,Widefield,1,2x2,Quantitative,JUMP-Target-ORF,48,,https://github.com/jump-cellpainting/pilot-cpjump1-data/tree/main/profiles/2020_12_02_CPJUMP1_2WeeksTimePoint,
JUMP1-Timing,Week2-BR00117021,CellCarrierUltra 384,,BR00117021,1µg/mL,100µg/mL,3µM,1.5 µg/mL,8.25nM,500 nM,,"4th imaging of this plate, 14 days after staining",Yes,A549,,Widefield,1,2x2,Quantitative,JUMP-Target-ORF,48,,https://github.com/jump-cellpainting/pilot-cpjump1-data/tree/main/profiles/2020_12_02_CPJUMP1_2WeeksTimePoint,
JUMP1-Timing,Week2-BR00117022,CellCarrierUltra 384,,BR00117022,1µg/mL,100µg/mL,3µM,1.5 µg/mL,8.25nM,500 nM,,"4th imaging of this plate, 14 days after staining",Yes,U2OS,1500,Widefield,1,2x2,Quantitative,JUMP-Target-ORF,48,,https://github.com/jump-cellpainting/pilot-cpjump1-data/tree/main/profiles/2020_12_02_CPJUMP1_2WeeksTimePoint,
JUMP1-Timing,Week2-BR00117023,CellCarrierUltra 384,,BR00117023,1µg/mL,100µg/mL,3µM,1.5 µg/mL,8.25nM,500 nM,,"4th imaging of this plate, 14 days after staining",Yes,U2OS,1500,Widefield,1,2x2,Quantitative,JUMP-Target-ORF,48,,https://github.com/jump-cellpainting/pilot-cpjump1-data/tree/main/profiles/2020_12_02_CPJUMP1_2WeeksTimePoint,
JUMP1-Timing,Week2-BR00118039,CellCarrierUltra 384,,BR00118039,1µg/mL,100µg/mL,3µM,1.5 µg/mL,10.77nM,500 nM,,"4th imaging of this plate, 14 days after staining",Yes,U2OS,285,Widefield,1,2x2,Quantitative,JUMP-Target-ORF,96,,https://github.com/jump-cellpainting/pilot-cpjump1-data/tree/main/profiles/2020_12_02_CPJUMP1_2WeeksTimePoint,Accidental increase in Phalloidin concentration
JUMP1-Timing,Week2-BR00118040,CellCarrierUltra 384,,BR00118040,1µg/mL,100µg/mL,3µM,1.5 µg/mL,10.77nM,500 nM,,"4th imaging of this plate, 14 days after staining",Yes,U2OS,285,Widefield,1,2x2,Quantitative,JUMP-Target-ORF,96,,https://github.com/jump-cellpainting/pilot-cpjump1-data/tree/main/profiles/2020_12_02_CPJUMP1_2WeeksTimePoint,Accidental increase in Phalloidin concentration
JUMP1-Timing,Week2-BR00118050,CellCarrierUltra 384,,BR00118050,1µg/mL,100µg/mL,3µM,1.5 µg/mL,10.77nM,500 nM,,"4th imaging of this plate, 14 days after staining",Yes,A549,,Widefield,1,2x2,Quantitative,JUMP-Target-ORF,96,,https://github.com/jump-cellpainting/pilot-cpjump1-data/tree/main/profiles/2020_12_02_CPJUMP1_2WeeksTimePoint,Accidental increase in Phalloidin concentration
JUMP1-Timing,Week4-BR00117006,CellCarrierUltra 384,,BR00117006,1µg/mL,100µg/mL,3µM,1.5 µg/mL,10.77nM,500 nM,,"5th imaging of this plate, 28 days after staining",Yes,A549,,Widefield,1,2x2,Quantitative,JUMP-Target-ORF,96,,https://github.com/jump-cellpainting/pilot-cpjump1-data/tree/main/profiles/2020_12_02_CPJUMP1_2WeeksTimePoint,Accidental increase in Phalloidin concentration
JUMP1-Timing,Week4-BR00117020,CellCarrierUltra 384,,BR00117020,1µg/mL,100µg/mL,3µM,1.5 µg/mL,8.25nM,500 nM,,"5th imaging of this plate, 28 days after staining",Yes,A549,,Widefield,1,2x2,Quantitative,JUMP-Target-ORF,48,,https://github.com/jump-cellpainting/pilot-cpjump1-data/tree/main/profiles/2020_12_07_CPJUMP1_4WeeksTimePoint,
JUMP1-Timing,Week4-BR00117021,CellCarrierUltra 384,,BR00117021,1µg/mL,100µg/mL,3µM,1.5 µg/mL,8.25nM,500 nM,,"5th imaging of this plate, 28 days after staining",Yes,A549,,Widefield,1,2x2,Quantitative,JUMP-Target-ORF,48,,https://github.com/jump-cellpainting/pilot-cpjump1-data/tree/main/profiles/2020_12_07_CPJUMP1_4WeeksTimePoint,
JUMP1-Timing,Week4-BR00117022,CellCarrierUltra 384,,BR00117022,1µg/mL,100µg/mL,3µM,1.5 µg/mL,8.25nM,500 nM,,"5th imaging of this plate, 28 days after staining",Yes,U2OS,1500,Widefield,1,2x2,Quantitative,JUMP-Target-ORF,48,,https://github.com/jump-cellpainting/pilot-cpjump1-data/tree/main/profiles/2020_12_07_CPJUMP1_4WeeksTimePoint,
JUMP1-Timing,Week4-BR00117023,CellCarrierUltra 384,,BR00117023,1µg/mL,100µg/mL,3µM,1.5 µg/mL,8.25nM,500 nM,,"5th imaging of this plate, 28 days after staining",Yes,U2OS,1500,Widefield,1,2x2,Quantitative,JUMP-Target-ORF,48,,https://github.com/jump-cellpainting/pilot-cpjump1-data/tree/main/profiles/2020_12_07_CPJUMP1_4WeeksTimePoint,
JUMP1-Timing,Week4-BR00118039,CellCarrierUltra 384,,BR00118039,1µg/mL,100µg/mL,3µM,1.5 µg/mL,10.77nM,500 nM,,"5th imaging of this plate, 28 days after staining",Yes,U2OS,285,Widefield,1,2x2,Quantitative,JUMP-Target-ORF,96,,https://github.com/jump-cellpainting/pilot-cpjump1-data/tree/main/profiles/2020_12_07_CPJUMP1_4WeeksTimePoint,Accidental increase in Phalloidin concentration
JUMP1-Timing,Week4-BR00118040,CellCarrierUltra 384,,BR00118040,1µg/mL,100µg/mL,3µM,1.5 µg/mL,10.77nM,500 nM,,"5th imaging of this plate, 28 days after staining",Yes,U2OS,285,Widefield,1,2x2,Quantitative,JUMP-Target-ORF,96,,https://github.com/jump-cellpainting/pilot-cpjump1-data/tree/main/profiles/2020_12_07_CPJUMP1_4WeeksTimePoint,Accidental increase in Phalloidin concentration
JUMP1-Timing,Week4-BR00118050,CellCarrierUltra 384,,BR00118050,1µg/mL,100µg/mL,3µM,1.5 µg/mL,10.77nM,500 nM,,"5th imaging of this plate, 28 days after staining",Yes,A549,,Widefield,1,2x2,Quantitative,JUMP-Target-ORF,96,,https://github.com/jump-cellpainting/pilot-cpjump1-data/tree/main/profiles/2020_12_07_CPJUMP1_4WeeksTimePoint,Accidental increase in Phalloidin concentration
Target2,BR00121431,CellCarrierUltra 384,,BR00121434,1µg/mL,5µg/mL,6µM,1.5 µg/mL,8.25nM,500 nM,,4µM polybrene was added and then washed out after 24 hours,Yes,U2OS,,Widefield,1,2x2,Quantitative,JUMP-Target2,48,,https://github.com/jump-cellpainting/pilot-data-public/tree/main/profiles/2021_04_20_Target2,
Target2,BR00121432,CellCarrierUltra 384,,BR00121435,1µg/mL,5µg/mL,6µM,1.5 µg/mL,8.25nM,500 nM,,4µM polybrene was added and then washed out after 24 hours,Yes,U2OS,,Widefield,1,2x2,Quantitative,JUMP-Target2,48,,https://github.com/jump-cellpainting/pilot-data-public/tree/main/profiles/2021_04_20_Target2,
Target2,BR00121433,CellCarrierUltra 384,,BR00121440,1µg/mL,5µg/mL,6µM,1.5 µg/mL,8.25nM,500 nM,,4µM polybrene was added and then washed out after 24 hours,Yes,U2OS,,Widefield,1,2x2,Quantitative,JUMP-Target2,48,,https://github.com/jump-cellpainting/pilot-data-public/tree/main/profiles/2021_04_20_Target2,
Target2,BR00121434,CellCarrierUltra 384,,BR00121434,1µg/mL,5µg/mL,6µM,1.5 µg/mL,8.25nM,500 nM,,,Yes,U2OS,,Widefield,1,2x2,Quantitative,JUMP-Target2,48,,https://github.com/jump-cellpainting/pilot-data-public/tree/main/profiles/2021_04_20_Target2,
Target2,BR00121435,CellCarrierUltra 384,,BR00121435,1µg/mL,5µg/mL,6µM,1.5 µg/mL,8.25nM,500 nM,,,Yes,U2OS,,Widefield,1,2x2,Quantitative,JUMP-Target2,48,,https://github.com/jump-cellpainting/pilot-data-public/tree/main/profiles/2021_04_20_Target2,
Target2,BR00121440,CellCarrierUltra 384,,BR00121440,1µg/mL,5µg/mL,6µM,1.5 µg/mL,8.25nM,500 nM,,,Yes,U2OS,,Widefield,1,2x2,Quantitative,JUMP-Target2,48,,https://github.com/jump-cellpainting/pilot-data-public/tree/main/profiles/2021_04_20_Target2,